,Folder,,,File,,Species 1,Species 2+,Note
DOC_002_DuncanBayParinga,DOC_002_DuncanBayParinga,train_audio,silver3,010E78EB-3FD7-4F46-A61B-DA949F282C1C_27.flac,,Tui/bellbird,Silvereye,
DOC_002_DuncanBayParinga,DOC_002_DuncanBayParinga,train_audio,silver3,016E3764-3E28-4D8C-871A-41B5D329B8C7_297.flac,,Tomtit,,
DOC_002_DuncanBayParinga,DOC_002_DuncanBayParinga,train_audio,nezkak1,02A975C4-C531-4CC9-8A32-CE26925822DB_285.flac,,,,Not a bird call
DOC_002_DuncanBayParinga,DOC_002_DuncanBayParinga,train_audio,nezkak1,03509C35-C9C7-4A5B-BC7E-00064D0B3581_286.flac,,Tui/bellbird,,short
DOC_002_DuncanBayParinga,DOC_002_DuncanBayParinga,train_audio,tomtit1,039780AA-3C94-496B-BD85-C288EDC172DC_147.flac,,Tomtit,,
DOC_002_DuncanBayParinga,DOC_002_DuncanBayParinga,train_audio,nezbel1,04859039-0BD2-4FCB-BA4F-09D657782E86_147.flac,,Tui/bellbird,,
DOC_002_DuncanBayParinga,DOC_002_DuncanBayParinga,train_audio,silver3,058CDDF1-E676-4CB4-9A86-0BBF7D976221_267.flac,,silvereye,blackbird,
DOC_002_DuncanBayParinga,DOC_002_DuncanBayParinga,train_audio,morepo2,07145E09-8BB6-4821-AF4A-5BF90C3A08C2_0.flac,,Morepork,,
DOC_002_DuncanBayParinga,DOC_002_DuncanBayParinga,train_audio,comcha,077725FA-8343-492C-9A17-04DCA63DA212_27.flac,,Chaffinch,,
DOC_002_DuncanBayParinga,DOC_002_DuncanBayParinga,train_audio,gryger1,085817DD-F09F-49E4-AEB4-171D9476E06B_277.flac,,Grey warbler,,
DOC_002_DuncanBayParinga,DOC_002_DuncanBayParinga,train_audio,morepo2,089C1383-D316-4FDA-9A63-01519CDC58FF_213.flac,,Morepork,,
DOC_002_DuncanBayParinga,DOC_002_DuncanBayParinga,train_audio,silver3,091E44D9-3172-43EF-B861-1E9806CA2703_198.flac,,Tui/bellbird,Silvereye,Unknown high-pitched call
DOC_002_DuncanBayParinga,DOC_002_DuncanBayParinga,train_audio,nezbel1,0931E5C6-B233-4094-8E8B-10421F866B79_237.flac,,Fantail,,
DOC_002_DuncanBayParinga,DOC_002_DuncanBayParinga,train_audio,nezbel1,093A7B91-C7BF-4012-A8A1-7A70938895B5_267.flac,,Tui/bellbird,,
DOC_002_DuncanBayParinga,DOC_002_DuncanBayParinga,train_audio,tomtit1,0A4FEFD9-90E8-40C2-AAAB-F16440CE41C2_27.flac,,Unknown high-pitched call,"Tui/bellbird, silvereye",
DOC_002_DuncanBayParinga,DOC_002_DuncanBayParinga,train_audio,eurbla,0A622F27-F0D9-4FBA-BCDF-1B5B8477FA36_12.flac,,,,Poor quality
DOC_002_DuncanBayParinga,DOC_002_DuncanBayParinga,train_audio,tomtit1,0A6EFA47-267B-46AA-0867-0A9AB2CE8B4A_27.flac,,Tui/bellbird,Unknown high-pitched call,
DOC_002_DuncanBayParinga,DOC_002_DuncanBayParinga,train_audio,nezkak1,0A70B849-3A73-4391-BE37-AC4968CF2AF4_7.flac,,Kaka,Silvereye,
DOC_002_DuncanBayParinga,DOC_002_DuncanBayParinga,train_audio,eurbla,0AABCBFD-006A-4250-83B1-A1A23EBA859B_0.flac,,Nothing,,
DOC_002_DuncanBayParinga,DOC_002_DuncanBayParinga,train_audio,tui1,0AF3A56D-65DC-45E3-9925-C5B13FCB6620_39.flac,,Tui/bellbird,silvereye,
DOC_002_DuncanBayParinga,DOC_002_DuncanBayParinga,train_audio,tui1,0BC1748E-38B5-4562-991F-EC62C66BC676_48.flac,,Tui/bellbird,Unknown high-pitched call,
DOC_002_DuncanBayParinga,DOC_002_DuncanBayParinga,train_audio,gryger1,0C40D82D-7BA7-43B0-89EA-BEF72AAA5241_282.flac,,Grey warbler,,
DOC_002_DuncanBayParinga,DOC_002_DuncanBayParinga,train_audio,silver3,0C828A15-48AC-4382-AF3F-B3F4EF7925E3_237.flac,,silvereye,,
DOC_002_DuncanBayParinga,DOC_002_DuncanBayParinga,train_audio,gryger1,0D1D7A3F-B7E6-40F0-BF15-0B2F66061FB2_265.flac,,Grey warbler,,
DOC_002_DuncanBayParinga,DOC_002_DuncanBayParinga,train_audio,tomtit1,0D63494B-23A0-4141-BAD9-5C91B0EFC02C_147.flac,,Tui/bellbird,,
DOC_002_DuncanBayParinga,DOC_002_DuncanBayParinga,train_audio,gryger1,0DADC8A3-01D9-47FB-B8C7-BD82BD4364DD_38.flac,,,,Poor quality
DOC_002_DuncanBayParinga,DOC_002_DuncanBayParinga,train_audio,riflem1,0DB000D5-D315-4534-9638-08FAEB506F47_63.flac,,Rifleman,,
DOC_002_DuncanBayParinga,DOC_002_DuncanBayParinga,train_audio,nezbel1,0DB36AEC-12BB-4915-AB7D-0070D9A9691F_57.flac,,Tui/bellbird,,
DOC_002_DuncanBayParinga,DOC_002_DuncanBayParinga,train_audio,nezfan1,0DCB56CD-3EAF-4D91-B869-49A11AB16D60_175.flac,,Tui/bellbird,Unknown high-pitched call,
DOC_002_DuncanBayParinga,DOC_002_DuncanBayParinga,train_audio,tui1,0DDA198A-52E9-441D-875F-0E73787FC869_26.flac,,Fantail,Tui/bellbird,
DOC_002_DuncanBayParinga,DOC_002_DuncanBayParinga,train_audio,silver3,0E0BA74E-61FF-4DBF-8662-03B3944B17CF_237.flac,,silvereye,,
DOC_002_DuncanBayParinga,DOC_002_DuncanBayParinga,train_audio,nezbel1,0E97917F-9195-47D2-BD15-B9516BB0304E_57.flac,,Tui/bellbird,,
DOC_002_DuncanBayParinga,DOC_002_DuncanBayParinga,train_audio,tomtit1,0EFF5E98-2A9B-4013-AF53-0FE316F043F3_87.flac,,Tui/bellbird,,
DOC_002_DuncanBayParinga,DOC_002_DuncanBayParinga,train_audio,tomtit1,0FD9E87C-A96B-4CD6-BB53-0FF350DAE770_27.flac,,Tui/bellbird,,
DOC_002_DuncanBayParinga,DOC_002_DuncanBayParinga,train_audio,silver3,108E8BDA-48AB-42A3-9126-01A53FBD67B3_27.flac,,silvereye,Grey warbler,
DOC_002_DuncanBayParinga,DOC_002_DuncanBayParinga,train_audio,gryger1,108E8BDA-48AB-42A3-9126-01A53FBD67B3_3.flac,,Grey warbler,,
DOC_002_DuncanBayParinga,DOC_002_DuncanBayParinga,train_audio,nezfan1,115839F4-E98E-4AA6-A8F5-0E3A94AB62CC_5.flac,,Tui/bellbird,,
DOC_002_DuncanBayParinga,DOC_002_DuncanBayParinga,train_audio,silver3,121D1D3E-2088-4C7F-86DB-15C283428794_297.flac,,Tui/bellbird,Silvereye,
DOC_002_DuncanBayParinga,DOC_002_DuncanBayParinga,train_audio,silver3,123280A4-5763-4ABD-83C2-B9AC26AEE4AC_87.flac,,Tui/bellbird,Silvereye,
DOC_002_DuncanBayParinga,DOC_002_DuncanBayParinga,train_audio,nezbel1,12B26358-C791-4F93-BE99-DB43EC73C2B4_117.flac,,Tui/bellbird,Eastern Rosella,
DOC_002_DuncanBayParinga,DOC_002_DuncanBayParinga,train_audio,morepo2,13303C8E-6F1C-4780-939E-B1B2E75C5A2D_158.flac,,Morepork,,
DOC_002_DuncanBayParinga,DOC_002_DuncanBayParinga,train_audio,nezkak1,13B4D3C9-159B-46EA-8CA2-06E6D3A757E5_56.flac,,Kaka,,
DOC_002_DuncanBayParinga,DOC_002_DuncanBayParinga,train_audio,eurbla,13BA8705-FCF6-4404-87FC-2A962383586A_16.flac,,blackbird,,
DOC_002_DuncanBayParinga,DOC_002_DuncanBayParinga,train_audio,eurbla,1464D7E0-8503-48A6-0B05-E85349ECC0EA_67.flac,,silvereye,Tui/bellbird,?rifleman
DOC_002_DuncanBayParinga,DOC_002_DuncanBayParinga,train_audio,gryger1,15309193-88D4-4C20-921D-507EE7FB479F_0.flac,,Tui/bellbird,,
DOC_002_DuncanBayParinga,DOC_002_DuncanBayParinga,train_audio,nezbel1,16339551-B752-47E2-952C-9983A44F9B81_297.flac,,Tui/bellbird,silvereye,
DOC_002_DuncanBayParinga,DOC_002_DuncanBayParinga,train_audio,tomtit1,165BD588-D113-4BA3-B959-4C8671A8262F_117.flac,,Grey warbler,Tui/bellbird,
DOC_002_DuncanBayParinga,DOC_002_DuncanBayParinga,train_audio,morepo2,1673BD8B-6729-4DB6-B33A-2EB0F6A97FA1_4.flac,,Morepork,,
DOC_002_DuncanBayParinga,DOC_002_DuncanBayParinga,train_audio,eurbla,168A3730-BE3D-4AD4-9486-5A43F8D7B580_1.flac,,blackbird,Fantail,
DOC_002_DuncanBayParinga,DOC_002_DuncanBayParinga,train_audio,nezbel1,169F26FC-14B0-44C9-9125-B0ED70C27048_147.flac,,Tui/bellbird,,
DOC_002_DuncanBayParinga,DOC_002_DuncanBayParinga,train_audio,weta,16FA9FBA-9C77-406B-ADAC-0026C359CDD7_218.flac,,,,Poor quality
DOC_002_DuncanBayParinga,DOC_002_DuncanBayParinga,train_audio,silver3,17995EBB-5151-4A38-916F-99CA4B9C2F8E_297.flac,,silvereye,"Kaka, tui/bellbird",
DOC_002_DuncanBayParinga,DOC_002_DuncanBayParinga,train_audio,morepo2,17AD15A1-0F9F-45F2-0A4A-95B6419F6FE1_292.flac,,Morepork,,Very feint 
DOC_002_DuncanBayParinga,DOC_002_DuncanBayParinga,train_audio,tui1,17B4C258-BB55-42D5-84C2-359F724C5324_260.flac,,Tui/bellbird,,
DOC_002_DuncanBayParinga,DOC_002_DuncanBayParinga,train_audio,eurbla,190259BE-8C74-4B6B-908A-00DCC7A15052_106.flac,,,,Poor quality
DOC_002_DuncanBayParinga,DOC_002_DuncanBayParinga,train_audio,gryger1,191522B0-ABB4-42B0-9EA4-F6A72365411F_197.flac,,Grey warbler,,
DOC_002_DuncanBayParinga,DOC_002_DuncanBayParinga,train_audio,tomtit1,1915FFF2-3F43-472E-0874-02972B2C3AF0_87.flac,,Tomtit,Tui/bellbird,
DOC_002_DuncanBayParinga,DOC_002_DuncanBayParinga,train_audio,silver3,194AA047-4559-4B1F-BC6B-A1A8ABA1D14F_27.flac,,,,Poor quality
DOC_002_DuncanBayParinga,DOC_002_DuncanBayParinga,train_audio,silver3,19945751-5CC6-4EC5-A6A8-0B74BF0AE410_147.flac,,silvereye,,
DOC_002_DuncanBayParinga,DOC_002_DuncanBayParinga,train_audio,parake,1A902A24-A7F8-4F48-B265-08359D3CD5D8_8.flac,,Tui/bellbird,Unknown high-pitched call,
DOC_002_DuncanBayParinga,DOC_002_DuncanBayParinga,train_audio,morepo2,1ADEF085-674D-40F2-943E-43C272D3D3B6_0.flac,,Morepork,,
DOC_002_DuncanBayParinga,DOC_002_DuncanBayParinga,train_audio,nezbel1,1B01529D-8E0B-41EB-B8DD-9DE9EDD83E89_57.flac,,Tui/bellbird,,
DOC_002_DuncanBayParinga,DOC_002_DuncanBayParinga,train_audio,gryger1,1B26EE18-56AC-4F33-AD76-19F6F9C4A52D_9.flac,,Tomtit,,
DOC_002_DuncanBayParinga,DOC_002_DuncanBayParinga,train_audio,tomtit1,1BA4B932-3399-44B7-BADE-0C5D1085EC18_57.flac,,Tomtit,,
DOC_002_DuncanBayParinga,DOC_002_DuncanBayParinga,train_audio,tomtit1,1BD75E53-6083-4D18-B376-80A2AF249E9E_87.flac,,Tui/bellbird,,Fly buzzing
DOC_002_DuncanBayParinga,DOC_002_DuncanBayParinga,train_audio,eurbla,1C7F671B-7F7C-405E-9CE0-20823FE54731_196.flac,,blackbird,,
DOC_002_DuncanBayParinga,DOC_002_DuncanBayParinga,train_audio,tomtit1,1C9CD775-6CAD-4475-0AF9-4A49D389397E_117.flac,,Tomtit,Silvereye,
DOC_002_DuncanBayParinga,DOC_002_DuncanBayParinga,train_audio,eurbla,1D51ED49-4A42-4816-80E9-397DB8CF19C1_0.flac,,blackbird,,
DOC_002_DuncanBayParinga,DOC_002_DuncanBayParinga,train_audio,silver3,1DFCD910-8450-4DEB-B339-49EFBA33A56F_57.flac,,silvereye,,
DOC_002_DuncanBayParinga,DOC_002_DuncanBayParinga,train_audio,morepo2,1E0B9631-7160-45F1-A49E-07443E509581_124.flac,,Morepork,,
DOC_002_DuncanBayParinga,DOC_002_DuncanBayParinga,train_audio,nezbel1,1E2637B8-4338-4AD8-A147-0EB72CFAFE13_297.flac,,Tui/bellbird,Unknown high-pitched call,
DOC_002_DuncanBayParinga,DOC_002_DuncanBayParinga,train_audio,gryger1,1E40F0EA-A6E7-40E7-8C86-97981AD0EE16_177.flac,,Grey warbler,,
DOC_002_DuncanBayParinga,DOC_002_DuncanBayParinga,train_audio,tomtit1,1E97220F-9981-42CE-8E51-DF5AFBEC94E1_138.flac,,Kereru,Unknown high-pitched call,Kereru flight sound as well
DOC_002_DuncanBayParinga,DOC_002_DuncanBayParinga,train_audio,tomtit1,1F00EACD-6FB2-4AB6-93A4-07E19529E758_207.flac,,Tomtit,Unknown high-pitched call,
DOC_002_DuncanBayParinga,DOC_002_DuncanBayParinga,train_audio,silver3,1FB9A343-1D06-43FB-AA0D-1FCFD3E32D88_237.flac,,Tomtit,Tui/bellbird,
DOC_002_DuncanBayParinga,DOC_002_DuncanBayParinga,train_audio,nezbel1,1FC738A4-FD6C-467F-8D39-08FCC822CFDD_117.flac,,Tui/bellbird,Unknown high-pitched call,
DOC_002_DuncanBayParinga,DOC_002_DuncanBayParinga,train_audio,riflem1,1FC738A4-FD6C-467F-8D39-08FCC822CFDD_124.flac,,Tomtit,Tui/bellbird,
DOC_002_DuncanBayParinga,DOC_002_DuncanBayParinga,train_audio,eurbla,1FE1B57F-1A30-4429-A429-FB55322757F8_133.flac,,Tui/bellbird,,
DOC_002_DuncanBayParinga,DOC_002_DuncanBayParinga,train_audio,nezbel1,205CE41F-81A2-471E-8740-E489F619D35E_207.flac,,Tui/bellbird,,
DOC_002_DuncanBayParinga,DOC_002_DuncanBayParinga,train_audio,eurbla,20B5797F-6C84-419D-A7DF-4E7BF36F5291_207.flac,,blackbird,Unknown high-pitched call,
DOC_002_DuncanBayParinga,DOC_002_DuncanBayParinga,train_audio,nezkak1,20F66A16-0DDC-4551-B5D0-2FADACF8963B_7.flac,,Grey warbler,"Blackbird, Unknown high-pitched call",
DOC_002_DuncanBayParinga,DOC_002_DuncanBayParinga,train_audio,maslap1,214EEA1B-DEA0-486A-9FCD-A1F3162DBF6C_291.flac,,,,Poor quality
DOC_002_DuncanBayParinga,DOC_002_DuncanBayParinga,train_audio,eurbla,218FC3C6-F877-4660-8AC3-833A9883FBDE_8.flac,,Tui/bellbird,,
DOC_002_DuncanBayParinga,DOC_002_DuncanBayParinga,train_audio,tui1,21E515B2-B322-4CEF-0AA9-5D1295DED171_21.flac,,,,Poor quality
DOC_002_DuncanBayParinga,DOC_002_DuncanBayParinga,train_audio,silver3,22617004-9CD7-46F9-AAD3-0E05A9A8EA41_27.flac,,silvereye,,
DOC_002_DuncanBayParinga,DOC_002_DuncanBayParinga,train_audio,gryger1,22672A5D-BA32-4FD8-AFB3-1BC05579F68F_170.flac,,Grey warbler,,
DOC_002_DuncanBayParinga,DOC_002_DuncanBayParinga,train_audio,silver3,22672A5D-BA32-4FD8-AFB3-1BC05579F68F_177.flac,,silvereye,,
DOC_002_DuncanBayParinga,DOC_002_DuncanBayParinga,train_audio,gryger1,22E99395-4CE2-4DFF-BD85-07B353C5C285_5.flac,,Grey warbler,,
DOC_002_DuncanBayParinga,DOC_002_DuncanBayParinga,train_audio,nezbel1,236BFAF6-2542-4736-8434-AC2B232ABA3E_57.flac,,Tui/bellbird,,
DOC_002_DuncanBayParinga,DOC_002_DuncanBayParinga,train_audio,eurbla,23D0993D-6054-45A8-ADB5-E72D4EDD6743_55.flac,,blackbird,,
DOC_002_DuncanBayParinga,DOC_002_DuncanBayParinga,train_audio,weta,24774719-08EE-4959-BEFD-842F11D13CD9_118.flac,,,,Poor quality
DOC_002_DuncanBayParinga,DOC_002_DuncanBayParinga,train_audio,morepo2,25876C8F-AA8A-4B81-B174-FE17433685EE_58.flac,,Morepork,,
DOC_002_DuncanBayParinga,DOC_002_DuncanBayParinga,train_audio,morepo2,25876C8F-AA8A-4B81-B174-FE17433685EE_94.flac,,Morepork,,
DOC_002_DuncanBayParinga,DOC_002_DuncanBayParinga,train_audio,tomtit1,25ED1D8B-5CDB-4987-A0C2-4122D3AEA997_258.flac,,Tui/bellbird,"Silvereye, Unknown high-pitched call",
DOC_002_DuncanBayParinga,DOC_002_DuncanBayParinga,train_audio,nezbel1,25EF3B1C-8A7E-487C-8578-0DF8DDC542CA_297.flac,,Tui/bellbird,,
DOC_002_DuncanBayParinga,DOC_002_DuncanBayParinga,train_audio,eurgre1,262738FC-36ED-4214-BA1C-62742C6C5C19_269.flac,,At least 2 more species,Tomtit,
DOC_002_DuncanBayParinga,DOC_002_DuncanBayParinga,train_audio,nezbel1,262C36B0-115E-4FCB-892D-04DDBD10FE32_47.flac,,Grey warbler,Tui/bellbird,
DOC_002_DuncanBayParinga,DOC_002_DuncanBayParinga,train_audio,nezbel1,26587C95-CB4B-44ED-8B85-4F9A8EDEBCC9_267.flac,,Tui/bellbird,,
DOC_002_DuncanBayParinga,DOC_002_DuncanBayParinga,train_audio,tui1,26A3D5CE-3485-4B0A-0A93-E7859B349350_76.flac,,Kaka,,
DOC_002_DuncanBayParinga,DOC_002_DuncanBayParinga,train_audio,tomtit1,26BD434C-9666-4E69-AFF8-2DD59C8C5C2C_27.flac,,Tomtit,,
DOC_002_DuncanBayParinga,DOC_002_DuncanBayParinga,train_audio,morepo2,27BA893C-A91A-483B-ABBD-0B1F6237F5D3_19.flac,,Morepork,,
DOC_002_DuncanBayParinga,DOC_002_DuncanBayParinga,train_audio,nezkak1,27E30FBA-57CF-4961-A452-000383AF8F32_26.flac,,?,Fantail,
DOC_002_DuncanBayParinga,DOC_002_DuncanBayParinga,train_audio,weta,282A6F47-58CE-4F63-0841-5D237D4F6C55_111.flac,,,,Poor quality
DOC_002_DuncanBayParinga,DOC_002_DuncanBayParinga,train_audio,tomtit1,289CF73E-5826-4BCA-B420-15645BEEE29D_147.flac,,,,Poor quality
DOC_002_DuncanBayParinga,DOC_002_DuncanBayParinga,train_audio,gryger1,2934C0F8-C1D9-49F8-97CD-E240406CBDF2_141.flac,,Grey warbler,,
DOC_002_DuncanBayParinga,DOC_002_DuncanBayParinga,train_audio,silver3,2A69D35C-2AEA-4C71-8377-0F2B5C75BEEB_117.flac,,?,,Very short
DOC_002_DuncanBayParinga,DOC_002_DuncanBayParinga,train_audio,nezbel1,2B3AA66C-0EBA-42AA-A764-7417AE582691_237.flac,,,,"Poor quality, rain"
DOC_002_DuncanBayParinga,DOC_002_DuncanBayParinga,train_audio,eurbla,2BE96EDB-4866-4715-A07B-72EB9FAA56BA_163.flac,,Shining Cuckoo,"Chaffinch, tui/bellbird",
DOC_002_DuncanBayParinga,DOC_002_DuncanBayParinga,train_audio,morepo2,2CABDAB9-E981-41BD-981F-CC1CDC3B79ED_128.flac,,Morepork,,
DOC_002_DuncanBayParinga,DOC_002_DuncanBayParinga,train_audio,gryger1,2DC3374B-D709-4134-90A3-17EBEE289FF0_71.flac,,Grey warbler,,
DOC_002_DuncanBayParinga,DOC_002_DuncanBayParinga,train_audio,nezbel1,2DC3E4E5-FC4C-4958-0BC5-1DF21D2D7B92_117.flac,,Tui/bellbird,,
DOC_002_DuncanBayParinga,DOC_002_DuncanBayParinga,train_audio,silver3,2ED55646-E370-495D-AF94-8CE6119D7C15_237.flac,,silvereye,,
DOC_002_DuncanBayParinga,DOC_002_DuncanBayParinga,train_audio,nezbel1,2F028E42-F142-40DC-A153-431AB0EF21A2_237.flac,,Tui/bellbird,,
DOC_002_DuncanBayParinga,DOC_002_DuncanBayParinga,train_audio,silver3,2FBFD712-F736-43DE-B919-C26BB63EC893_207.flac,,,,Poor quality
DOC_002_DuncanBayParinga,DOC_002_DuncanBayParinga,train_audio,parake,2FC735A6-CEDF-4629-0BC2-224AEE799EF5_294.flac,,Greenfinch,,
DOC_002_DuncanBayParinga,DOC_002_DuncanBayParinga,train_audio,nezbel1,301F6607-6E0A-4EB0-087A-002A1A73A417_237.flac,,Tui/bellbird,Fantail,
DOC_002_DuncanBayParinga,DOC_002_DuncanBayParinga,train_audio,tomtit1,3024FEE7-59FE-4B06-8545-008624FBC20D_69.flac,,Fantail,Unknown high-pitched call,
DOC_002_DuncanBayParinga,DOC_002_DuncanBayParinga,train_audio,tui1,30E7A52C-55DB-48EF-B018-01842FD9F86A_27.flac,,Unknown high-pitched call,,
DOC_002_DuncanBayParinga,DOC_002_DuncanBayParinga,train_audio,silver3,30FE1597-0C28-46AD-ADBF-3EA1D8E84779_177.flac,,Starling,"Silvereye, Unknown high-pitched call, tui/bellbird",
DOC_002_DuncanBayParinga,DOC_002_DuncanBayParinga,train_audio,silver3,3108B797-259D-4DA7-9251-6FB4B65384A0_27.flac,,silvereye,,
DOC_002_DuncanBayParinga,DOC_002_DuncanBayParinga,train_audio,morepo2,312BEA53-B9AF-417E-8952-616CC423957A_173.flac,,Morepork,,
DOC_002_DuncanBayParinga,DOC_002_DuncanBayParinga,train_audio,silver3,314AFFE8-FA5B-4113-8E8C-15C1CF1D3674_147.flac,,Fantail,Tui/bellbird,
DOC_002_DuncanBayParinga,DOC_002_DuncanBayParinga,train_audio,morepo2,3151855A-56F3-4C83-8F83-0BE303F21E4B_4.flac,,Morepork,,
DOC_002_DuncanBayParinga,DOC_002_DuncanBayParinga,train_audio,morepo2,3166B91F-CB56-4DD5-8DC4-E5EF5A57D8E3_148.flac,,Morepork,,
DOC_002_DuncanBayParinga,DOC_002_DuncanBayParinga,train_audio,silver3,31ABBF54-1774-4751-AA9F-64CB6C98D171_237.flac,,blackbird,Silvereye,
DOC_002_DuncanBayParinga,DOC_002_DuncanBayParinga,train_audio,tomtit1,31F1F51A-8816-4825-9E94-9E944D7CF7A4_147.flac,,Tomtit,Tui/bellbird,
DOC_002_DuncanBayParinga,DOC_002_DuncanBayParinga,train_audio,nezbel1,32B54134-FE01-45D2-BAA3-0ABD9E2E9787_297.flac,,,,Poor quality
DOC_002_DuncanBayParinga,DOC_002_DuncanBayParinga,train_audio,tui1,32BD36B9-72DB-447E-A530-ABA9B19EB3C1_137.flac,,Tui/bellbird,Silvereye,
DOC_002_DuncanBayParinga,DOC_002_DuncanBayParinga,train_audio,nezbel1,32EE61C0-8741-4230-9B37-A18979BA13CA_147.flac,,Tui/bellbird,,
DOC_002_DuncanBayParinga,DOC_002_DuncanBayParinga,train_audio,tomtit1,3325E51F-66D2-4983-84E6-63C29C7662BA_117.flac,,Tui/bellbird,chaffinch,
DOC_002_DuncanBayParinga,DOC_002_DuncanBayParinga,train_audio,nezbel1,3330B283-6164-484D-0B28-D4DA3FC1715D_207.flac,,Tui/bellbird,Unknown high-pitched call,
DOC_002_DuncanBayParinga,DOC_002_DuncanBayParinga,train_audio,silver3,342F9A16-92FE-4E0A-B817-CD485E1160A4_27.flac,,Tui/bellbird,"Silvereye, Unknown high-pitched call",
DOC_002_DuncanBayParinga,DOC_002_DuncanBayParinga,train_audio,eurbla,34EE9698-8C9E-40CC-BDA2-DDC0A4D770BE_11.flac,,blackbird,,
DOC_002_DuncanBayParinga,DOC_002_DuncanBayParinga,train_audio,morepo2,35589EB7-FF20-409E-A27C-C66FC2AC3D37_2.flac,,Morepork,,
DOC_002_DuncanBayParinga,DOC_002_DuncanBayParinga,train_audio,silver3,3585E4F1-3FBF-473F-AF86-00F67882B76C_27.flac,,blackbird,Silvereye,
DOC_002_DuncanBayParinga,DOC_002_DuncanBayParinga,train_audio,silver3,35D70081-E1A1-4280-BF75-79A12646B11D_87.flac,,,,Poor quality
DOC_002_DuncanBayParinga,DOC_002_DuncanBayParinga,train_audio,gryger1,36827C52-2A67-45D9-84DB-3118505BECD8_1.flac,,silvereye,Tomtit,
DOC_002_DuncanBayParinga,DOC_002_DuncanBayParinga,train_audio,tomtit1,36D5E1C9-0C95-42BB-A53E-979228ADCA24_207.flac,,Tui/bellbird,Unknown high-pitched call,
DOC_002_DuncanBayParinga,DOC_002_DuncanBayParinga,train_audio,nezfan1,372B2220-0566-4935-9D60-9A6D3AC00FE3_183.flac,,Unknown high-pitched call,,
DOC_002_DuncanBayParinga,DOC_002_DuncanBayParinga,train_audio,morepo2,37500935-CE7F-4D77-967B-B84B8A53815D_228.flac,,Morepork,,
DOC_002_DuncanBayParinga,DOC_002_DuncanBayParinga,train_audio,tui1,3949FD63-45BD-4A17-9E21-077289636B60_22.flac,,Tui/bellbird,,
DOC_002_DuncanBayParinga,DOC_002_DuncanBayParinga,train_audio,tomtit1,39E8BAAB-2E13-4DE4-AC9B-6F4BEFC52B6D_207.flac,,Tui/bellbird,?,
DOC_002_DuncanBayParinga,DOC_002_DuncanBayParinga,train_audio,nezbel1,39F4F212-8FB3-434E-A912-4335B41D21F6_207.flac,,,,Poor quality
DOC_002_DuncanBayParinga,DOC_002_DuncanBayParinga,train_audio,morepo2,3A4E5DE8-A3DB-4A07-0B8E-E48ED26D92F6_4.flac,,Morepork,,
DOC_002_DuncanBayParinga,DOC_002_DuncanBayParinga,train_audio,tomtit1,3A58DA44-2572-4C37-9EAA-0D0B6ADB7FDC_27.flac,,Tui/bellbird,Unknown high-pitched call,
DOC_002_DuncanBayParinga,DOC_002_DuncanBayParinga,train_audio,morepo2,3A63AE34-A5F0-4586-082E-A13EA3C56BD5_29.flac,,Morepork,,
DOC_002_DuncanBayParinga,DOC_002_DuncanBayParinga,train_audio,silver3,3A6AFE4D-9938-42C2-8B53-462E493D4FC1_297.flac,,Tomtit,,
DOC_002_DuncanBayParinga,DOC_002_DuncanBayParinga,train_audio,nezbel1,3A8BA49A-E523-4172-8A15-2F20D9A4362E_237.flac,,Tui/bellbird,,
DOC_002_DuncanBayParinga,DOC_002_DuncanBayParinga,train_audio,nezbel1,3B78CF4C-5750-4D00-BA64-BA37454DF4EA_117.flac,,,,Poor quality
DOC_002_DuncanBayParinga,DOC_002_DuncanBayParinga,train_audio,morepo2,3BA9DE7F-2E04-4594-8316-0ECF5D86D8C3_103.flac,,Morepork,,
DOC_002_DuncanBayParinga,DOC_002_DuncanBayParinga,train_audio,tui1,3C01A26B-A3FF-4FD4-809F-B59E4242241C_43.flac,,Tui/bellbird,Fly,
DOC_002_DuncanBayParinga,DOC_002_DuncanBayParinga,train_audio,silver3,3C4C60DD-0309-45F7-A65F-64FF5D4C9686_87.flac,,silvereye,,
DOC_002_DuncanBayParinga,DOC_002_DuncanBayParinga,train_audio,gryger1,3C59B786-E897-4886-9270-429C90C65DFF_19.flac,,?,"Grey warbler, Unknown high-pitched call",
DOC_002_DuncanBayParinga,DOC_002_DuncanBayParinga,train_audio,eurbla,3C84E825-7E93-4F7B-8687-BA194F80CE25_4.flac,,blackbird,,
DOC_002_DuncanBayParinga,DOC_002_DuncanBayParinga,train_audio,morepo2,3D46B625-B956-4F93-907C-0FEEA8E36F98_4.flac,,,,Poor quality
DOC_002_DuncanBayParinga,DOC_002_DuncanBayParinga,train_audio,nezbel1,3D5FE031-5445-4FE4-A81A-A356F3C15D48_57.flac,,song thrush,,
DOC_002_DuncanBayParinga,DOC_002_DuncanBayParinga,train_audio,nezbel1,3E31D888-97CB-4C3A-0B07-4A1E59BC9BBA_177.flac,,Tui/bellbird,,
DOC_002_DuncanBayParinga,DOC_002_DuncanBayParinga,train_audio,nezbel1,3E7048DF-50C8-4B41-89B5-BA6DF0747BEF_237.flac,,?,?,Poor quality
DOC_002_DuncanBayParinga,DOC_002_DuncanBayParinga,train_audio,nezfan1,3FC39482-3A36-4526-0B6F-E9214055B8B9_291.flac,,,,Poor quality
DOC_002_DuncanBayParinga,DOC_002_DuncanBayParinga,train_audio,nezbel1,40260010-634B-49D5-91CE-3A67E136031E_207.flac,,Tui/bellbird,,
DOC_002_DuncanBayParinga,DOC_002_DuncanBayParinga,train_audio,gryger1,4171FD50-DE07-434F-9425-F0B1426C87C5_8.flac,,Grey warbler,,
DOC_002_DuncanBayParinga,DOC_002_DuncanBayParinga,train_audio,gryger1,4205341A-007C-488E-A43D-000E19EBD1CF_102.flac,,,,Poor quality
DOC_002_DuncanBayParinga,DOC_002_DuncanBayParinga,train_audio,tui1,4264D95F-E1F5-41F6-931E-71DBC7E8A079_42.flac,,Tui/bellbird,,
DOC_002_DuncanBayParinga,DOC_002_DuncanBayParinga,train_audio,gryger1,4366E9A9-1D84-470A-916A-1F71E56BBF31_68.flac,,Grey warbler,,
DOC_002_DuncanBayParinga,DOC_002_DuncanBayParinga,train_audio,riflem1,436E60AD-6E45-4E1D-088F-BBB6222450E2_7.flac,,Grey warbler,"Rifleman, tui/bellbird",
DOC_002_DuncanBayParinga,DOC_002_DuncanBayParinga,train_audio,tomtit1,44F9714C-3B11-470C-BE46-EC1812D73B8C_119.flac,,Tui/bellbird,Unknown high-pitched call,
DOC_002_DuncanBayParinga,DOC_002_DuncanBayParinga,train_audio,tomtit1,45610FD6-AB36-496D-08C1-0070A4191FEF_18.flac,,Unknown high-pitched call,"Tui/bellbird, tomtit",
DOC_002_DuncanBayParinga,DOC_002_DuncanBayParinga,train_audio,lotkoe1,45DEE2E6-1AC8-4022-8B79-753FB8CF914E_140.flac,,Chaffinch,,
DOC_002_DuncanBayParinga,DOC_002_DuncanBayParinga,train_audio,nezbel1,468CF32D-30EB-417C-AAE5-033C22E1C4E1_237.flac,,Unknown high-pitched call,Tui/bellbird,
DOC_002_DuncanBayParinga,DOC_002_DuncanBayParinga,train_audio,nezbel1,46A2F7EF-D9EB-4AA3-8333-D217644D3D47_237.flac,,Fantail,silvereye,
DOC_002_DuncanBayParinga,DOC_002_DuncanBayParinga,train_audio,nezbel1,46F36F91-DD16-46A4-AABC-5EDD4B893033_27.flac,,Tui/bellbird,,
DOC_002_DuncanBayParinga,DOC_002_DuncanBayParinga,train_audio,morepo2,471B99DF-E4D8-444C-BE92-5663B2374937_0.flac,,,,Poor quality
DOC_002_DuncanBayParinga,DOC_002_DuncanBayParinga,train_audio,nezfan1,47731DC3-3804-48A5-88F5-F4F7AEF916CA_47.flac,,Grey warbler,Fantail,Very short
DOC_002_DuncanBayParinga,DOC_002_DuncanBayParinga,train_audio,parake,48D603E1-EC6D-4C5E-9145-DE71089CBEF0_55.flac,,Tui/bellbird,"Parakeet, silvereye",
DOC_002_DuncanBayParinga,DOC_002_DuncanBayParinga,train_audio,weta,4984545A-0A04-4F0B-A849-8DA726C3C3C2_121.flac,,Morepork,,
DOC_002_DuncanBayParinga,DOC_002_DuncanBayParinga,train_audio,nezfan1,4A2DCDB1-0C84-4C70-9AFE-0AB826623F2A_2.flac,,Tui/bellbird,,
DOC_002_DuncanBayParinga,DOC_002_DuncanBayParinga,train_audio,nezbel1,4A349200-8D94-4E46-A487-FD4AD3E117D2_57.flac,,Tui/bellbird,,
DOC_002_DuncanBayParinga,DOC_002_DuncanBayParinga,train_audio,gryger1,4A83F066-AC75-4A44-8374-08C838B169A9_6.flac,,Grey warbler,,
DOC_002_DuncanBayParinga,DOC_002_DuncanBayParinga,train_audio,morepo2,4ABA6EB7-7697-48D5-8567-041DA72F4354_245.flac,,Morepork,,
DOC_002_DuncanBayParinga,DOC_002_DuncanBayParinga,train_audio,nezbel1,4B162609-0DDA-4108-A12E-4FBF39286878_117.flac,,Tui/bellbird,Grey warbler,
DOC_002_DuncanBayParinga,DOC_002_DuncanBayParinga,train_audio,nezbel1,4B943A2E-DA2D-472D-B69F-497EE31C7293_27.flac,,Stitchbird,,
DOC_002_DuncanBayParinga,DOC_002_DuncanBayParinga,train_audio,nezbel1,4C084DED-D443-45A0-9994-C152DF1A97B4_147.flac,,Tui/bellbird,chaffinch,
DOC_002_DuncanBayParinga,DOC_002_DuncanBayParinga,train_audio,eurbla,4D04D4F9-7261-4148-A535-01E2342B2518_3.flac,,blackbird,,
DOC_002_DuncanBayParinga,DOC_002_DuncanBayParinga,train_audio,eurbla,4D21BF15-CC4C-4754-BBFD-8C4BA05ACBEA_183.flac,,Rifleman,fly,
DOC_002_DuncanBayParinga,DOC_002_DuncanBayParinga,train_audio,nezbel1,4DE33531-55AE-4F74-AE6A-AFE970501CAB_297.flac,,Grey warbler,"Tui/bellbird, blackbird",
DOC_002_DuncanBayParinga,DOC_002_DuncanBayParinga,train_audio,silver3,4E7D259F-94A0-4A4E-BD15-FEADF965954D_147.flac,,Tui/bellbird,,
DOC_002_DuncanBayParinga,DOC_002_DuncanBayParinga,train_audio,silver3,4F561F40-CBBA-4FF0-B8AD-374168621866_297.flac,,silvereye,Tui/bellbird,
DOC_002_DuncanBayParinga,DOC_002_DuncanBayParinga,train_audio,gryger1,4F6E918F-3E78-482A-0A1B-0279A7B5D784_203.flac,,Grey warbler,?,
DOC_002_DuncanBayParinga,DOC_002_DuncanBayParinga,train_audio,nezbel1,4FCF40F5-745F-402D-A6C0-0739FB886A41_297.flac,,Tui/bellbird,?,
DOC_002_DuncanBayParinga,DOC_002_DuncanBayParinga,train_audio,silver3,4FE06141-4262-4438-B3BC-1B1E0DA38447_258.flac,,Tui/bellbird,Silvereye,
DOC_002_DuncanBayParinga,DOC_002_DuncanBayParinga,train_audio,silver3,50954389-A34C-4F76-A1DE-9AA04C06B3CD_18.flac,,Tui/bellbird,"Silvereye, Unknown high-pitched call",
DOC_002_DuncanBayParinga,DOC_002_DuncanBayParinga,train_audio,nezfan1,50D3CF3A-292A-44B6-9F1D-00E4777FDAAC_136.flac,,Grey warbler,"?, Unknown high-pitched call",
DOC_002_DuncanBayParinga,DOC_002_DuncanBayParinga,train_audio,gryger1,50E13363-D03E-4A66-805E-C2C1939D1CDD_112.flac,,Fantail,Grey warbler,
DOC_002_DuncanBayParinga,DOC_002_DuncanBayParinga,train_audio,nezbel1,515E47CE-FF05-44BA-B716-BB77F9C8FBCF_267.flac,,Tui/bellbird,,
DOC_002_DuncanBayParinga,DOC_002_DuncanBayParinga,train_audio,nezfan1,5162A6C7-9F45-4EB4-A72B-0DF7C4CDAEF9_2.flac,,,,Poor quality
DOC_002_DuncanBayParinga,DOC_002_DuncanBayParinga,train_audio,comcha,51EFAC56-B90B-469D-9819-B67545E1C329_71.flac,,blackbird,?,
DOC_002_DuncanBayParinga,DOC_002_DuncanBayParinga,train_audio,tomtit1,52480136-8C7C-43D4-0ABF-0003543B89B1_147.flac,,Tui/bellbird,,
DOC_002_DuncanBayParinga,DOC_002_DuncanBayParinga,train_audio,tomtit1,5251C9A9-49DE-486A-838E-6F29A6A2F424_87.flac,,blackbird,,
DOC_002_DuncanBayParinga,DOC_002_DuncanBayParinga,train_audio,eurbla,533A6206-E227-4B7D-9079-097B37D42C5B_79.flac,,Tui/bellbird,,
DOC_002_DuncanBayParinga,DOC_002_DuncanBayParinga,train_audio,nezbel1,535E5818-F469-44A5-98A2-0AA1B6159781_207.flac,,Tui/bellbird,Unknown high-pitched call,
DOC_002_DuncanBayParinga,DOC_002_DuncanBayParinga,train_audio,eurbla,53C6749E-B5B7-44CE-827E-00BA52DD6F7D_271.flac,,?,,
DOC_002_DuncanBayParinga,DOC_002_DuncanBayParinga,train_audio,morepo2,54F6DD73-2406-44CD-B3A2-0737580EC915_24.flac,,,,Poor quality
DOC_002_DuncanBayParinga,DOC_002_DuncanBayParinga,train_audio,tomtit1,55546FA6-97CC-434A-8AF3-0D5A631E2757_87.flac,,Grey warbler,"Unknown high-pitched call, ?",
DOC_002_DuncanBayParinga,DOC_002_DuncanBayParinga,train_audio,tomtit1,559054CD-D4F2-4C64-9FC6-C6A5922A3862_258.flac,,Tui/bellbird,Fly,
DOC_002_DuncanBayParinga,DOC_002_DuncanBayParinga,train_audio,morepo2,563A345E-C380-43E2-B49D-F0DA1957247A_111.flac,,Morepork,,
DOC_002_DuncanBayParinga,DOC_002_DuncanBayParinga,train_audio,morepo2,565551BA-B42B-49A2-98AC-0019BB88361B_38.flac,,Morepork,,
DOC_002_DuncanBayParinga,DOC_002_DuncanBayParinga,train_audio,morepo2,56FD5F8C-E595-4EB0-A5A1-C137AB3F2551_1.flac,,Morepork,,
DOC_002_DuncanBayParinga,DOC_002_DuncanBayParinga,train_audio,gryger1,57C6A0FC-DD0A-45B1-98FE-5EB15C1B4E93_15.flac,,silvereye,,
DOC_002_DuncanBayParinga,DOC_002_DuncanBayParinga,train_audio,silver3,5874326B-5C7D-4CBD-A38A-00032AE5E38A_267.flac,,Grey warbler,,
DOC_002_DuncanBayParinga,DOC_002_DuncanBayParinga,train_audio,silver3,598B773E-3670-460D-BF1D-F2D06DB0CE1E_117.flac,,silvereye,,
DOC_002_DuncanBayParinga,DOC_002_DuncanBayParinga,train_audio,eurbla,59FFD3FD-EEA6-4EA2-885B-E997C9571777_214.flac,,blackbird,?rifleman,
DOC_002_DuncanBayParinga,DOC_002_DuncanBayParinga,train_audio,morepo2,5A3C0BE0-1D1D-45C6-BBC7-DCE760483B54_3.flac,,Morepork,,
DOC_002_DuncanBayParinga,DOC_002_DuncanBayParinga,train_audio,silver3,5A509694-5064-4CC4-84A7-DABFE375F8C8_237.flac,,Grey warbler,"Chaffinch, tui/bellbird",
DOC_002_DuncanBayParinga,DOC_002_DuncanBayParinga,train_audio,tomtit1,5A9EE4DC-0016-407C-ACBD-C9D2E10CD947_258.flac,,Grey warbler,"Tui/bellbird, unknown high-pitch call",
DOC_002_DuncanBayParinga,DOC_002_DuncanBayParinga,train_audio,gryger1,5AAA7AC7-AD88-448A-B7EC-01AAB81E163E_95.flac,,Unknown high-pitched call,"?, tui/bellbird",
DOC_002_DuncanBayParinga,DOC_002_DuncanBayParinga,train_audio,nezfan1,5B6CCA8E-6D25-4A05-85AC-09959C17DE91_41.flac,,Tui/bellbird,Unknown high-pitched call,
DOC_002_DuncanBayParinga,DOC_002_DuncanBayParinga,train_audio,riflem1,5B8D073D-F493-41CD-84CC-0698138E9486_4.flac,,Tui/bellbird,,
DOC_002_DuncanBayParinga,DOC_002_DuncanBayParinga,train_audio,parake,5BECE65A-68B3-4A1B-9CD7-56F0AE9BDCFC_296.flac,,?,,
DOC_002_DuncanBayParinga,DOC_002_DuncanBayParinga,train_audio,eurbla,5CAE94B9-07D8-4A51-BC51-03A83B0D5E19_223.flac,,blackbird,,
DOC_002_DuncanBayParinga,DOC_002_DuncanBayParinga,train_audio,gryger1,5CE9845A-4C76-4557-9545-ADF7DB585921_2.flac,,silvereye,,
DOC_002_DuncanBayParinga,DOC_002_DuncanBayParinga,train_audio,morepo2,5D405C92-1146-442A-8F5E-34365841D125_83.flac,,Morepork,,
DOC_002_DuncanBayParinga,DOC_002_DuncanBayParinga,train_audio,gryger1,5DBAC8D8-19A1-475F-8B8E-ABAD5C409175_6.flac,,Grey warbler,Unknown high-pitched call,
DOC_002_DuncanBayParinga,DOC_002_DuncanBayParinga,train_audio,silver3,5E67ED05-C463-4532-BC35-C68AF1D8A41D_267.flac,,,,Poor quality
DOC_002_DuncanBayParinga,DOC_002_DuncanBayParinga,train_audio,riflem1,5F0B576D-3D05-407B-BA12-92E360FABC8B_160.flac,,Tui/bellbird,,
DOC_002_DuncanBayParinga,DOC_002_DuncanBayParinga,train_audio,tomtit1,5F0DD110-112A-412A-A993-0B2A316840A9_87.flac,,,,Poor quality
DOC_002_DuncanBayParinga,DOC_002_DuncanBayParinga,train_audio,nezbel1,5FA27CD1-F2D0-4BE2-905F-E5F756A4FC57_237.flac,,Tui/bellbird,,
DOC_002_DuncanBayParinga,DOC_002_DuncanBayParinga,train_audio,morepo2,6033F7DD-6983-46BD-BCAF-0F3F9AFD07BB_29.flac,,Morepork,,
DOC_002_DuncanBayParinga,DOC_002_DuncanBayParinga,train_audio,morepo2,60B5F719-C595-403E-8B8E-43ACC8FE4060_294.flac,,Morepork,,
DOC_002_DuncanBayParinga,DOC_002_DuncanBayParinga,train_audio,silver3,60BB2FCD-A2ED-433A-BCE8-E1C72CEC4EAF_147.flac,,silvereye,,
DOC_002_DuncanBayParinga,DOC_002_DuncanBayParinga,train_audio,nezbel1,60C9E557-74DE-4094-8FB7-783A8FC0AFCD_267.flac,,Tui/bellbird,,
DOC_002_DuncanBayParinga,DOC_002_DuncanBayParinga,train_audio,silver3,60EBFF3E-7047-4D15-9B88-C65F3C458DA2_207.flac,,blackbird,Unknown high-pitched call,
DOC_002_DuncanBayParinga,DOC_002_DuncanBayParinga,train_audio,tomtit1,62ABE412-4EAA-48E2-854E-8914AA71EF83_11.flac,,,,Poor quality
DOC_002_DuncanBayParinga,DOC_002_DuncanBayParinga,train_audio,morepo2,63964B7F-CFD6-4FFE-9AD3-384182DF647A_8.flac,,,,Poor quality
DOC_002_DuncanBayParinga,DOC_002_DuncanBayParinga,train_audio,nezbel1,63A7E6C6-3586-49A5-B448-E9D94BDA9A46_39.flac,,Tui/bellbird,,
DOC_002_DuncanBayParinga,DOC_002_DuncanBayParinga,train_audio,nezfan1,64032756-3890-4155-9669-00A6E927E5CE_5.flac,,Tui/bellbird,Unknown high-pitched call,
DOC_002_DuncanBayParinga,DOC_002_DuncanBayParinga,train_audio,tui1,6413F6D6-8DBF-4D76-B71F-008891A4E03F_146.flac,,Unknown high-pitched call,?,
DOC_002_DuncanBayParinga,DOC_002_DuncanBayParinga,train_audio,silver3,64D3A8ED-9C2C-4B98-96E3-EDF8BF4FCB84_267.flac,,silvereye,,
DOC_002_DuncanBayParinga,DOC_002_DuncanBayParinga,train_audio,gryger1,6519234C-1672-4331-B345-0D92AB3574A2_170.flac,,Grey warbler,,
DOC_002_DuncanBayParinga,DOC_002_DuncanBayParinga,train_audio,tomtit1,654A8816-2F41-435F-9EAF-B41F3CA48793_27.flac,,Tomtit,Unknown high-pitched call,
DOC_002_DuncanBayParinga,DOC_002_DuncanBayParinga,train_audio,parake,655F8E6B-870E-421F-A841-04BCAD958C40_107.flac,,?,"Unknown high-pitched call, tui/bellbird",
DOC_002_DuncanBayParinga,DOC_002_DuncanBayParinga,train_audio,gryger1,65628D44-EC9E-4EEF-B064-00E47813B65B_259.flac,,Grey warbler,,
DOC_002_DuncanBayParinga,DOC_002_DuncanBayParinga,train_audio,tui1,680DFBD5-2189-4C89-A25D-001A3AE1407B_226.flac,,blackbird,,
DOC_002_DuncanBayParinga,DOC_002_DuncanBayParinga,train_audio,tui1,682E8634-7101-4AEB-AB40-0AE36CEC7915_141.flac,,Tui/bellbird,Unknown high-pitched call,
DOC_002_DuncanBayParinga,DOC_002_DuncanBayParinga,train_audio,tui1,6851FACC-C4A6-4E09-8727-0072FD27F299_21.flac,,blackbird,Tui/bellbird,
DOC_002_DuncanBayParinga,DOC_002_DuncanBayParinga,train_audio,eurbla,6872C67C-D7EE-4F3D-9F0A-4F0AE816740B_43.flac,,Tui/bellbird,,
DOC_002_DuncanBayParinga,DOC_002_DuncanBayParinga,train_audio,gryger1,688AFC4C-3BAB-40FB-B749-B1934F2DCD9C_144.flac,,Tui/bellbird,?,
DOC_002_DuncanBayParinga,DOC_002_DuncanBayParinga,train_audio,morepo2,6BDC4C9F-98B0-4D3F-9480-D010B7EC2814_8.flac,,Morepork,,
DOC_002_DuncanBayParinga,DOC_002_DuncanBayParinga,train_audio,silver3,6D0B1DAE-7953-49A6-B491-01B35AEABC7D_117.flac,,silvereye,,
DOC_002_DuncanBayParinga,DOC_002_DuncanBayParinga,train_audio,tomtit1,6D36D613-9E92-436A-AE36-00B0FE448D17_87.flac,,Tui/bellbird,,
DOC_002_DuncanBayParinga,DOC_002_DuncanBayParinga,train_audio,comcha,6E029A81-170A-4650-ACA1-F98724B36E81_3.flac,,Chaffinch,,
DOC_002_DuncanBayParinga,DOC_002_DuncanBayParinga,train_audio,nezbel1,6F01223C-9014-4613-B406-4F39CAD6D004_177.flac,,Tui/bellbird,,
DOC_002_DuncanBayParinga,DOC_002_DuncanBayParinga,train_audio,tomtit1,6F073EBF-3A37-434D-8BE8-5F976732CBE3_117.flac,,Tui/bellbird,,
DOC_002_DuncanBayParinga,DOC_002_DuncanBayParinga,train_audio,tomtit1,70E5E979-E7A9-4EA8-B810-79DF526577FD_117.flac,,Unknown high-pitched call,,
DOC_002_DuncanBayParinga,DOC_002_DuncanBayParinga,train_audio,tui1,70F625E1-08A2-47FF-945C-32625622D4EF_47.flac,,Morepork,,
DOC_002_DuncanBayParinga,DOC_002_DuncanBayParinga,train_audio,nezbel1,70FAF360-2215-4F2E-832C-005EBCB53DDB_27.flac,,,,Poor quality
DOC_002_DuncanBayParinga,DOC_002_DuncanBayParinga,train_audio,nezbel1,7177E310-C3FA-48A7-BA75-2F45A7835393_207.flac,,?,,
DOC_002_DuncanBayParinga,DOC_002_DuncanBayParinga,train_audio,silver3,726C7013-C38C-4695-8384-7B118C43A386_177.flac,,silvereye,Long tailed cuckoo,Unknown high-pitched call
DOC_002_DuncanBayParinga,DOC_002_DuncanBayParinga,train_audio,morepo2,72A12B0C-5D66-450F-9B73-5163D43C95FF_107.flac,,Morepork,,
DOC_002_DuncanBayParinga,DOC_002_DuncanBayParinga,train_audio,nezbel1,72AF815A-B6D6-4C5F-AFDC-BE1A9657FF81_57.flac,,Tui/bellbird,,
DOC_002_DuncanBayParinga,DOC_002_DuncanBayParinga,train_audio,silver3,72C186D1-AA9E-40AD-AD3B-0FF4FC4039A9_207.flac,,,,Poor quality
DOC_002_DuncanBayParinga,DOC_002_DuncanBayParinga,train_audio,silver3,72C78056-7F8C-481A-B4E3-88BA4DF7D066_18.flac,,silvereye,Unknown high-pitched call,
DOC_002_DuncanBayParinga,DOC_002_DuncanBayParinga,train_audio,tomtit1,73D94DE6-0215-44AC-A73F-7BD42B5A1C59_117.flac,,Tui/bellbird,,
DOC_002_DuncanBayParinga,DOC_002_DuncanBayParinga,train_audio,morepo2,73EAD9DF-05EE-41BB-B44A-93111E8ED69C_62.flac,,Morepork,,
DOC_002_DuncanBayParinga,DOC_002_DuncanBayParinga,train_audio,nezbel1,73F77DD7-7716-495D-9BAB-ED3C9044BC9A_87.flac,,Tui/bellbird,,
DOC_002_DuncanBayParinga,DOC_002_DuncanBayParinga,train_audio,gryger1,752FBD50-932D-47A6-80AB-D7D44DD7B3CB_18.flac,,Tomtit,Unknown high-pitched call,
DOC_002_DuncanBayParinga,DOC_002_DuncanBayParinga,train_audio,tomtit1,7556AD40-EB6B-49FA-8F7E-D6EBB4A54ED8_198.flac,,Tui/bellbird,Unknown high-pitched call,
DOC_002_DuncanBayParinga,DOC_002_DuncanBayParinga,train_audio,morepo2,760D0528-67C7-47E9-A19E-3BCB87D035E9_144.flac,,Morepork,,
DOC_002_DuncanBayParinga,DOC_002_DuncanBayParinga,train_audio,nezfan1,76B4DF3A-7D22-47EE-8CA3-1451B61E29C1_0.flac,,,,Poor quality
DOC_002_DuncanBayParinga,DOC_002_DuncanBayParinga,train_audio,morepo2,775CFE71-EC6D-44F5-BC30-CB3981D9467C_210.flac,,Morepork,,
DOC_002_DuncanBayParinga,DOC_002_DuncanBayParinga,train_audio,silver3,77A4F39D-9D01-4F0A-9A10-1EAC13AA3DD7_147.flac,,Tomtit,Tui/bellbird,
DOC_002_DuncanBayParinga,DOC_002_DuncanBayParinga,train_audio,silver3,783CFF72-435D-4FF5-9DDD-6C18A061ABCD_177.flac,,silvereye,Tui/bellbird,
DOC_002_DuncanBayParinga,DOC_002_DuncanBayParinga,train_audio,morepo2,784FC3E6-219E-4650-9B1B-0142E28BFC4C_32.flac,,Morepork,,
DOC_002_DuncanBayParinga,DOC_002_DuncanBayParinga,train_audio,silver3,78FB7BE4-C2AC-4ED2-BF79-21ED31A2891C_57.flac,,silvereye,,
DOC_002_DuncanBayParinga,DOC_002_DuncanBayParinga,train_audio,tomtit1,791F1630-C336-4EEA-8AD5-1B4EAA7B6DF6_18.flac,,Tomtit,,
DOC_002_DuncanBayParinga,DOC_002_DuncanBayParinga,train_audio,weta,7937B948-CCCB-46B9-9114-07098C71ECCB_49.flac,,,,Poor quality
DOC_002_DuncanBayParinga,DOC_002_DuncanBayParinga,train_audio,eurbla,7A285570-7A2B-4F95-8B90-9BEC6C694CE7_92.flac,,?,,
DOC_002_DuncanBayParinga,DOC_002_DuncanBayParinga,train_audio,eurbla,7A6BE9D8-FD3E-4077-ACC8-954473DC6F96_0.flac,,?,,Very short
DOC_002_DuncanBayParinga,DOC_002_DuncanBayParinga,train_audio,nezkak1,7ADC0258-31C5-4695-A3E4-DFA14D908A34_111.flac,,Kaka,,
DOC_002_DuncanBayParinga,DOC_002_DuncanBayParinga,train_audio,silver3,7B995954-4802-4CF5-08B9-04D78D5B9DF4_297.flac,,Tomtit,,
DOC_002_DuncanBayParinga,DOC_002_DuncanBayParinga,train_audio,comcha,7C56086F-E15F-4B32-8AEB-621E8826E626_209.flac,,,,Poor quality
DOC_002_DuncanBayParinga,DOC_002_DuncanBayParinga,train_audio,weta,7D7D5AF6-3A8D-487F-9E4C-1FB24A15EE89_278.flac,,,,Poor quality
DOC_002_DuncanBayParinga,DOC_002_DuncanBayParinga,train_audio,tomtit1,7DA81D25-386B-4510-AC72-98F8F9E21D68_138.flac,,Kaka,"Grey warbler, Unknown high-pitched call",
DOC_002_DuncanBayParinga,DOC_002_DuncanBayParinga,train_audio,tomtit1,7E9B5C5D-AA9C-49FF-0A0D-52211F2576E6_57.flac,,Tui/bellbird,,
DOC_002_DuncanBayParinga,DOC_002_DuncanBayParinga,train_audio,parake,7E9EF115-B9AE-4F7B-ACCA-4A7E946F5AFA_162.flac,,Chaffinch,Tui/bellbird,
DOC_002_DuncanBayParinga,DOC_002_DuncanBayParinga,train_audio,morepo2,7EF97A18-04D0-4CB1-9454-02A6A857F592_0.flac,,Morepork,,
DOC_002_DuncanBayParinga,DOC_002_DuncanBayParinga,train_audio,morepo2,7F2036C4-4B56-4072-8137-1B5F8034F3C3_0.flac,,Morepork,,
DOC_002_DuncanBayParinga,DOC_002_DuncanBayParinga,train_audio,nezbel1,801400E1-E5E1-4970-9D6A-835D3C7F057F_237.flac,,Tui/bellbird,,
DOC_002_DuncanBayParinga,DOC_002_DuncanBayParinga,train_audio,tui1,801C3F83-91C8-473C-0BA2-0203C1DC1139_16.flac,,,,Poor quality
DOC_002_DuncanBayParinga,DOC_002_DuncanBayParinga,train_audio,nezbel1,8093BC05-F5F2-4ED7-81D7-0DB072B540B0_297.flac,,,,Poor quality
DOC_002_DuncanBayParinga,DOC_002_DuncanBayParinga,train_audio,gryger1,811FA548-EC6F-4DE5-B53E-328EB4F8DBB9_0.flac,,,,Poor quality
DOC_002_DuncanBayParinga,DOC_002_DuncanBayParinga,train_audio,nezbel1,81EB7536-5278-4611-9F7C-072213E7BCD0_117.flac,,blackbird,Tui/bellbird,
DOC_002_DuncanBayParinga,DOC_002_DuncanBayParinga,train_audio,eurbla,82029ABB-6D9C-472D-85F4-D058F9FC103B_0.flac,,,,Very short
DOC_002_DuncanBayParinga,DOC_002_DuncanBayParinga,train_audio,nezkak1,82D21A40-D9CA-4963-BE8B-DD3015F16533_76.flac,,,,Poor quality
DOC_002_DuncanBayParinga,DOC_002_DuncanBayParinga,train_audio,nezbel1,83569D19-4369-4523-8CD1-CDD214D76718_147.flac,,Tui/bellbird,,
DOC_002_DuncanBayParinga,DOC_002_DuncanBayParinga,train_audio,nezbel1,8361AF47-D0F2-476D-A379-E0AAA97AE535_13.flac,,Tui/bellbird,,
DOC_002_DuncanBayParinga,DOC_002_DuncanBayParinga,train_audio,gryger1,8370AB6C-F272-4E41-AADC-0A626DFF779C_266.flac,,Unknown high-pitched call,chaffinch,
DOC_002_DuncanBayParinga,DOC_002_DuncanBayParinga,train_audio,parake,837A18F9-3A87-4D82-ADEA-DEEB8B2CAAF8_18.flac,,Unknown high-pitched call,,
DOC_002_DuncanBayParinga,DOC_002_DuncanBayParinga,train_audio,nezbel1,848B169A-A3B1-4C15-B486-01D7E6FAE7FD_267.flac,,Tui/bellbird,,
DOC_002_DuncanBayParinga,DOC_002_DuncanBayParinga,train_audio,silver3,84A8C7A5-DB8D-4F97-9031-3C33CBC4C4C1_237.flac,,Tui/bellbird,Silvereye,
DOC_002_DuncanBayParinga,DOC_002_DuncanBayParinga,train_audio,sonthr1,84BA2E9B-F730-4F49-85A3-6740F05386AA_37.flac,,,,Very short
DOC_002_DuncanBayParinga,DOC_002_DuncanBayParinga,train_audio,nezbel1,84EF9A73-4903-44F0-0843-77CBCFD7A571_87.flac,,,,
DOC_002_DuncanBayParinga,DOC_002_DuncanBayParinga,train_audio,nezbel1,855EB5A1-4661-4FF8-8EF1-8F55DB71D27D_237.flac,,Tui/bellbird,,
DOC_002_DuncanBayParinga,DOC_002_DuncanBayParinga,train_audio,tui1,865184AA-564A-4F40-B6C3-0E6ED096AB40_149.flac,,,,Very short
DOC_002_DuncanBayParinga,DOC_002_DuncanBayParinga,train_audio,weta,87471217-F8EC-4A1A-8D48-46E7C6D941B1_262.flac,,Morepork,,
DOC_002_DuncanBayParinga,DOC_002_DuncanBayParinga,train_audio,nezbel1,87FDA959-BBFA-4E15-8726-58F9C624CA7A_117.flac,,Unknown high-pitched call,?,
DOC_002_DuncanBayParinga,DOC_002_DuncanBayParinga,train_audio,tomtit1,8939C051-76E9-41EA-AFBC-604D85834A7A_147.flac,,Tui/bellbird,,
DOC_002_DuncanBayParinga,DOC_002_DuncanBayParinga,train_audio,nezbel1,89E437CD-66BD-49CE-9575-0E35740BCEA0_237.flac,,,,
DOC_002_DuncanBayParinga,DOC_002_DuncanBayParinga,train_audio,nezbel1,8A914D66-99CF-413D-A140-BD6AD9AA24FC_207.flac,,Tui/bellbird,,
DOC_002_DuncanBayParinga,DOC_002_DuncanBayParinga,train_audio,gryger1,8AB44617-B732-4F90-B756-B7E33AF2B4CF_17.flac,,,,Very short
DOC_002_DuncanBayParinga,DOC_002_DuncanBayParinga,train_audio,nezbel1,8B02EF7A-B612-4C76-A4E6-A0FDCC242CA4_207.flac,,Tui/bellbird,,
DOC_002_DuncanBayParinga,DOC_002_DuncanBayParinga,train_audio,gryger1,8B3C59DC-12B8-4DFF-9512-8CA48292A032_145.flac,,Chaffinch,,
DOC_002_DuncanBayParinga,DOC_002_DuncanBayParinga,train_audio,silver3,8C571EB7-5C27-467B-AF93-FA4B90C7642D_237.flac,,Tui/bellbird,chaffinch,
DOC_002_DuncanBayParinga,DOC_002_DuncanBayParinga,train_audio,tomtit1,90B32A7E-8E99-402B-954A-0000311D8E99_87.flac,,,,Very short
DOC_002_DuncanBayParinga,DOC_002_DuncanBayParinga,train_audio,tui1,9103CEA2-D9E2-48C2-A917-1E3F74D3905A_228.flac,,Tui/bellbird,kea,
DOC_002_DuncanBayParinga,DOC_002_DuncanBayParinga,train_audio,silver3,91669818-8D85-4DA6-93DB-CB4F6CD25910_237.flac,,Tui/bellbird,,
DOC_002_DuncanBayParinga,DOC_002_DuncanBayParinga,train_audio,tui1,92F01D2C-0B96-4A2C-8EE5-11A2B5ED2750_92.flac,,Long-tailed cuckoo,Tui/bellbird,
DOC_002_DuncanBayParinga,DOC_002_DuncanBayParinga,train_audio,tomtit1,9336D578-D3CC-4DE1-B2A8-05F313A9D9BF_87.flac,,,,Poor quality
DOC_002_DuncanBayParinga,DOC_002_DuncanBayParinga,train_audio,nezbel1,937D6873-265F-4A73-9F7D-671EE752FFB4_87.flac,,Tui/bellbird,,
DOC_002_DuncanBayParinga,DOC_002_DuncanBayParinga,train_audio,nezbel1,944DC734-B4BA-4FE5-BC35-0409A36DEB33_117.flac,,Tui/bellbird,,Poor quality
DOC_002_DuncanBayParinga,DOC_002_DuncanBayParinga,train_audio,silver3,94985E0D-5FFB-4E00-AA87-F620BD1456BB_27.flac,,silvereye,"Unknown high-pitched call, ?tui/bellbird",
DOC_002_DuncanBayParinga,DOC_002_DuncanBayParinga,train_audio,nezfan1,94B0D06A-A79A-42E8-0B10-6215564F23AC_47.flac,,Unknown high-pitched call,,
DOC_002_DuncanBayParinga,DOC_002_DuncanBayParinga,train_audio,silver3,94C3275F-9D31-4300-B23C-28F71EDACFD0_297.flac,,Tui/bellbird,Song thrush,
DOC_002_DuncanBayParinga,DOC_002_DuncanBayParinga,train_audio,silver3,952415A4-BB30-46CF-82DD-7C3ED5B703A9_27.flac,,,,"Poor quality, rain"
DOC_002_DuncanBayParinga,DOC_002_DuncanBayParinga,train_audio,nezbel1,95811D9A-C3D6-46F4-933A-09AECE446CB1_207.flac,,Tui/bellbird,,
DOC_002_DuncanBayParinga,DOC_002_DuncanBayParinga,train_audio,silver3,95C44259-4431-49BB-8A38-48EA7FDFF617_297.flac,,silvereye,,
DOC_002_DuncanBayParinga,DOC_002_DuncanBayParinga,train_audio,gryger1,95D350C6-FCB0-4787-BEAF-FD63285A4AAF_10.flac,,Tui/bellbird,,
DOC_002_DuncanBayParinga,DOC_002_DuncanBayParinga,train_audio,silver3,963DCBF1-5F7D-49D8-9AC7-46C4685B61DF_87.flac,,silvereye,,
DOC_002_DuncanBayParinga,DOC_002_DuncanBayParinga,train_audio,gryger1,96A62A87-E586-4E2E-0B74-863DFFC74825_256.flac,,Tui/bellbird,Grey warbler ,
DOC_002_DuncanBayParinga,DOC_002_DuncanBayParinga,train_audio,nezbel1,96B21D72-DFE0-4829-A964-DA6956B795E9_57.flac,,Tui/bellbird,Unknown high-pitched call,
DOC_002_DuncanBayParinga,DOC_002_DuncanBayParinga,train_audio,nezbel1,96D50825-5BF0-4996-864D-00498AA0BFE5_237.flac,,Unknown high-pitched call,blackbird,
DOC_002_DuncanBayParinga,DOC_002_DuncanBayParinga,train_audio,gryger1,9734D53D-302E-4921-8B1C-0E084A57B224_61.flac,,Grey warbler,,
DOC_002_DuncanBayParinga,DOC_002_DuncanBayParinga,train_audio,gryger1,97651BAF-FF60-4A56-AC70-4BC233126FB4_26.flac,,Grey warbler,Unknown high-pitched call,
DOC_002_DuncanBayParinga,DOC_002_DuncanBayParinga,train_audio,silver3,97651BAF-FF60-4A56-AC70-4BC233126FB4_57.flac,,silvereye,Unknown high-pitched call,
DOC_002_DuncanBayParinga,DOC_002_DuncanBayParinga,train_audio,gryger1,977BB570-769A-4A04-BAC6-A19E746C8FAD_279.flac,,silvereye,Unknown high-pitched call,
DOC_002_DuncanBayParinga,DOC_002_DuncanBayParinga,train_audio,tomtit1,97821432-9EB6-420F-BCFB-DEE7A1B2CA78_97.flac,,Tui/bellbird,Unknown high-pitched call,
DOC_002_DuncanBayParinga,DOC_002_DuncanBayParinga,train_audio,silver3,9784A42A-59E5-4D2C-B0F8-4236CA71BEBD_297.flac,,Tomtit,Tui/bellbird,
DOC_002_DuncanBayParinga,DOC_002_DuncanBayParinga,train_audio,morepo2,97ACC40F-4559-4953-9B5A-4B3F3CEA9C17_50.flac,,Morepork,,
DOC_002_DuncanBayParinga,DOC_002_DuncanBayParinga,train_audio,morepo2,97E2085B-D249-4A33-B269-08BFD7696DA0_12.flac,,Morepork,,
DOC_002_DuncanBayParinga,DOC_002_DuncanBayParinga,train_audio,silver3,98792288-C548-40A1-AD2C-AABCDF26BF97_147.flac,,,,Poor quality
DOC_002_DuncanBayParinga,DOC_002_DuncanBayParinga,train_audio,morepo2,98819377-A234-4FE9-8EDC-03CEBF1F91F2_242.flac,,Morepork,,
DOC_002_DuncanBayParinga,DOC_002_DuncanBayParinga,train_audio,nezkak1,98A0B8D6-12AD-411F-ADC9-D0686FF653E9_108.flac,,Kaka,,
DOC_002_DuncanBayParinga,DOC_002_DuncanBayParinga,train_audio,gryger1,9955EC8D-EF14-450B-809A-0581447033DE_294.flac,,,,Poor quality
DOC_002_DuncanBayParinga,DOC_002_DuncanBayParinga,train_audio,parake,9982D879-DC8E-4CB1-B7F2-DC5BCB3FAB4A_242.flac,,?,,
DOC_002_DuncanBayParinga,DOC_002_DuncanBayParinga,train_audio,gryger1,99A66405-2BC3-42E0-AA2E-00ADEF7F51FE_59.flac,,Cicada,Grey warbler,
DOC_002_DuncanBayParinga,DOC_002_DuncanBayParinga,train_audio,tomtit1,9A3C84D3-9824-46E4-9115-497A6C806DAA_27.flac,,,,Poor quality
DOC_002_DuncanBayParinga,DOC_002_DuncanBayParinga,train_audio,morepo2,9A88ED3A-DBA4-4F6A-A157-6A6D8CD353E4_238.flac,,Morepork,,
DOC_002_DuncanBayParinga,DOC_002_DuncanBayParinga,train_audio,tui1,9ADC4CD7-5E5B-45ED-AE71-E9E9C8215BFE_20.flac,,Tui/bellbird,Unknown high-pitched call,
DOC_002_DuncanBayParinga,DOC_002_DuncanBayParinga,train_audio,tomtit1,9ADC4CD7-5E5B-45ED-AE71-E9E9C8215BFE_207.flac,,Tui/bellbird,?,
DOC_002_DuncanBayParinga,DOC_002_DuncanBayParinga,train_audio,maslap1,9C6C90C8-B792-4178-9E99-A067858E2EA5_0.flac,,?,,
DOC_002_DuncanBayParinga,DOC_002_DuncanBayParinga,train_audio,nezkak1,9C9FE138-C94A-437E-AE6B-A56071864BB0_256.flac,,Morepork,,
DOC_002_DuncanBayParinga,DOC_002_DuncanBayParinga,train_audio,morepo2,9CBA3D24-32DA-447D-B5CD-EA4212A75E30_160.flac,,Morepork,,
DOC_002_DuncanBayParinga,DOC_002_DuncanBayParinga,train_audio,morepo2,9D9B4F1B-52A5-4300-9E41-F5C8487C6EA5_0.flac,,Morepork,,
DOC_002_DuncanBayParinga,DOC_002_DuncanBayParinga,train_audio,comcha,9DC2F578-7425-43EE-BA24-8DF69C46AC1E_6.flac,,Chaffinch,,
DOC_002_DuncanBayParinga,DOC_002_DuncanBayParinga,train_audio,nezbel1,9DDE2DFC-163D-4616-BE88-B7CDFBA5A3EB_57.flac,,Tui/bellbird,,
DOC_002_DuncanBayParinga,DOC_002_DuncanBayParinga,train_audio,tui1,9DEB778F-C86D-43B7-B185-7F27648AFCA1_165.flac,,Tui/bellbird,,
DOC_002_DuncanBayParinga,DOC_002_DuncanBayParinga,train_audio,morepo2,9EC8CE85-AA71-4B16-A127-9DBEC0E7D044_4.flac,,Morepork,,
DOC_002_DuncanBayParinga,DOC_002_DuncanBayParinga,train_audio,silver3,9FD6CE67-4D41-40EB-A14A-088D23AE7DE9_27.flac,,Fantail,,
DOC_002_DuncanBayParinga,DOC_002_DuncanBayParinga,train_audio,parshe1,9FE3E5F2-30F4-459D-8968-9FCA7EE72E4C_92.flac,,Tui/bellbird,,
DOC_002_DuncanBayParinga,DOC_002_DuncanBayParinga,train_audio,silver3,A059A7B5-23E9-45EB-B1B5-0667E0667656_57.flac,,,,Poor quality
DOC_002_DuncanBayParinga,DOC_002_DuncanBayParinga,train_audio,gryger1,A08A3067-8401-4F67-0A09-F071ECBCE968_187.flac,,,,Poor quality
DOC_002_DuncanBayParinga,DOC_002_DuncanBayParinga,train_audio,nezfan1,A1900551-F286-4495-A2E1-09E8C67EBE90_17.flac,,Tui/bellbird,,
DOC_002_DuncanBayParinga,DOC_002_DuncanBayParinga,train_audio,tomtit1,A1E25963-C27A-4A3D-AA7F-698CD3D0ADD7_87.flac,,Kaka,,
DOC_002_DuncanBayParinga,DOC_002_DuncanBayParinga,train_audio,nezbel1,A2CCAF3B-5300-4792-9BF5-0210A06EAC6A_267.flac,,?,,
DOC_002_DuncanBayParinga,DOC_002_DuncanBayParinga,train_audio,nezfan1,A4537AAD-BFEA-4A49-90FD-CA166D91635D_5.flac,,?,,
DOC_002_DuncanBayParinga,DOC_002_DuncanBayParinga,train_audio,eurbla,A55BEC5D-337F-485A-91E7-15D38A30ADC7_29.flac,,blackbird,,
DOC_002_DuncanBayParinga,DOC_002_DuncanBayParinga,train_audio,tomtit1,A6455FB5-8D87-4BBF-A070-7F6E573A19DB_27.flac,,Tui/bellbird,Unknown high-pitched call,
DOC_002_DuncanBayParinga,DOC_002_DuncanBayParinga,train_audio,tomtit1,A6DB328B-8DB8-47FC-8E78-EBC8620C5099_183.flac,,Tui/bellbird,Fantail,
DOC_002_DuncanBayParinga,DOC_002_DuncanBayParinga,train_audio,tomtit1,A74A4E7F-F666-4F0A-B607-12DBA90AC211_198.flac,,silvereye,blackbird,
DOC_002_DuncanBayParinga,DOC_002_DuncanBayParinga,train_audio,silver3,A800EB8D-B5C7-44FC-B537-9E295027412E_177.flac,,silvereye,,
DOC_002_DuncanBayParinga,DOC_002_DuncanBayParinga,train_audio,silver3,A9050F3C-EDE0-4C2D-B555-9BB8FD70E8D8_87.flac,,silvereye,Unknown high-pitched call,
DOC_002_DuncanBayParinga,DOC_002_DuncanBayParinga,train_audio,gryger1,A9A3FE36-0A8B-4276-8D5D-C211549B781E_146.flac,,,,Poor quality
DOC_001_Tier1,DOC_001_Tier1,train_audio,nezkak1,AA139_BIRD_141107_214430_000.flac,,Kaka,,
DOC_001_Tier1,DOC_001_Tier1,train_audio,morepo2,AB138_BIRM_191103_012820_000.flac,,Morepork,,
DOC_001_Tier1,DOC_001_Tier1,train_audio,riflem1,AB143_BIRD_140111_085925_022.flac,,?,,
DOC_001_Tier1,DOC_001_Tier1,train_audio,comcha,AC160_BIRP_131206_121325_014.flac,,Tomtit,Unknown high-pitched call,
DOC_002_DuncanBayParinga,DOC_002_DuncanBayParinga,train_audio,nezbel1,ACAB60C3-A504-4715-883F-12E4F2C6EFE7_297.flac,,Tui/bellbird,Unknown high-pitched call,
DOC_002_DuncanBayParinga,DOC_002_DuncanBayParinga,train_audio,nezbel1,ACF0E3C5-9255-4128-A2D4-E14D2B650F1C_237.flac,,Tui/bellbird,Unknown high-pitched call,
DOC_001_Tier1,DOC_001_Tier1,train_audio,tomtit1,AD136_BIRA_131128_085925_033.flac,,Tomtit,,
DOC_001_Tier1,DOC_001_Tier1,train_audio,lotkoe1,AD136_BIRM_181213_232857_001.flac,,Morepork,long-tailed cuckoo,
DOC_001_Tier1,DOC_001_Tier1,train_audio,lotkoe1,AD137P_BIRP_140110_042725_000.flac,,Long-tailed cuckoo,,
DOC_002_DuncanBayParinga,DOC_002_DuncanBayParinga,train_audio,nezbel1,ADA156F0-07A9-41E0-8BC8-687536E56D37_27.flac,,Fantail,blackbird,
DOC_001_Tier1,DOC_001_Tier1,train_audio,tomtit1,AE142_BIRP_120322_085925_057.flac,,Unknown high-pitched call,,
DOC_001_Tier1,DOC_001_Tier1,train_audio,yefpar3,AE142_BIRX_120321_102857_000.flac,,Tui/bellbird,Fantail,
DOC_002_DuncanBayParinga,DOC_002_DuncanBayParinga,train_audio,nezkak1,AEA71913-E62A-4A06-AC37-F08616FCB275_2.flac,,Tui/bellbird,,
DOC_001_Tier1,DOC_001_Tier1,train_audio,silver3,AF134_BIRA_131128_094411_027.flac,,silvereye,,
DOC_001_Tier1,DOC_001_Tier1,train_audio,tomtit1,AF134_BIRX_131128_072952_042.flac,,silvereye,,
DOC_001_Tier1,DOC_001_Tier1,train_audio,tui1,AF134_BIRX_131128_085924_012.flac,,Tui/bellbird,,
DOC_001_Tier1,DOC_001_Tier1,train_audio,morepo2,AF166_BIRP_151014_041230_000.flac,,,,Poor quality
DOC_001_Tier1,DOC_001_Tier1,train_audio,shbcuc1,AF174_BIRD_131204_085925_007.flac,,blackbird,"Grey warbler, shining cuckoo",
DOC_001_Tier1,DOC_001_Tier1,train_audio,pipipi1,AF174_BIRD_131204_085925_010.flac,,blackbird,?,
DOC_001_Tier1,DOC_001_Tier1,train_audio,shbcuc1,AF174_BIRP_131204_085925_004.flac,,Shining Cuckoo,Unknown high-pitched call,
DOC_001_Tier1,DOC_001_Tier1,train_audio,eurbla,AF174_BIRP_131204_085925_012.flac,,blackbird,,
DOC_002_DuncanBayParinga,DOC_002_DuncanBayParinga,train_audio,nezfan1,AF34EFFB-6132-44D3-804F-84DF9AACDDEB_70.flac,,blackbird,Unknown high-pitched call,
DOC_002_DuncanBayParinga,DOC_002_DuncanBayParinga,train_audio,nezbel1,AF621E77-5EF8-4E8F-BCE5-3474FC47A818_117.flac,,Tui/bellbird,,
DOC_002_DuncanBayParinga,DOC_002_DuncanBayParinga,train_audio,gryger1,AF98A29F-AEAC-4ECA-BD6A-981118999F66_8.flac,,Grey warbler,,
DOC_001_Tier1,DOC_001_Tier1,train_audio,morepo2,AG136_BIRA_20200109_223005_001.flac,,Morepork,,
DOC_001_Tier1,DOC_001_Tier1,train_audio,morepo2,AH134_BIRD_150113_222916_000.flac,,Morepork,,
DOC_001_Tier1,DOC_001_Tier1,train_audio,morepo2,AH134_BIRD_150114_022802_001.flac,,Morepork,,
DOC_001_Tier1,DOC_001_Tier1,train_audio,riflem1,AH140_BIRM_140110_075943_031.flac,,Unknown high-pitched call,?,
DOC_001_Tier1,DOC_001_Tier1,train_audio,cangoo,AH160_BIRA_151124_211439_000.flac,,Canada goose,,
DOC_001_Tier1,DOC_001_Tier1,train_audio,riflem1,AI137_BIRA_120203_092916_024.flac,,Unknown high-pitched call,?,
DOC_001_Tier1,DOC_001_Tier1,train_audio,gryger1,AI137_BIRP_120203_085925_062.flac,,?,,
DOC_001_Tier1,DOC_001_Tier1,train_audio,tomtit1,AI137_BIRX_120204_085925_040.flac,,?,,
DOC_001_Tier1,DOC_001_Tier1,train_audio,eurbla,AI172_BIRM_131114_111343_041.flac,,blackbird,Tomtit,
DOC_001_Tier1,DOC_001_Tier1,train_audio,tomtit1,AI172_BIRM_131114_111343_070.flac,,??,Tui/bellbird,
DOC_001_Tier1,DOC_001_Tier1,train_audio,kea1,AJ135_BIRM_150123_212934_000.flac,,Kea,,
DOC_001_Tier1,DOC_001_Tier1,train_audio,lotkoe1,AK132_BIRX_151118_015811_000.flac,,Long-tailed cuckoo,,
DOC_001_Tier1,DOC_001_Tier1,train_audio,skylar,AL141_BIRA_140115_114454_002.flac,,Skylark,,
DOC_001_Tier1,DOC_001_Tier1,train_audio,gryger1,AL141_BIRD_140115_095907_041.flac,,,,Very short
DOC_001_Tier1,DOC_001_Tier1,train_audio,skylar,AL141_BIRM_140115_085925_008.flac,,Skylark,,
DOC_001_Tier1,DOC_001_Tier1,train_audio,morepo2,AN127_BIRP_171207_211438_000.flac,,song thrush,"Morepork, tui/bellbird",
DOC_001_Tier1,DOC_001_Tier1,train_audio,eurbla,AN128_BIRD_110928_085857_017.flac,,blackbird,Silvereye,
DOC_001_Tier1,DOC_001_Tier1,train_audio,morepo2,AN128_BIRM_151006_222915_001.flac,,Morepork,,
DOC_001_Tier1,DOC_001_Tier1,train_audio,nezbel1,AN128_BIRX_110928_084402_023.flac,,,,Poor quality
DOC_001_Tier1,DOC_001_Tier1,train_audio,morepo2,AN129_BIRA_151016_001343_001.flac,,Morepork,,
DOC_001_Tier1,DOC_001_Tier1,train_audio,morepo2,AO127_BIRX_140930_205943_001.flac,,Morepork,,
DOC_001_Tier1,DOC_001_Tier1,train_audio,morepo2,AP131_BIRP_160203_001343_000.flac,,,,Poor quality
DOC_001_Tier1,DOC_001_Tier1,train_audio,morepo2,AS125_BIRD_120327_052707_000.flac,,Morepork,,
DOC_001_Tier1,DOC_001_Tier1,train_audio,gryger1,AS125_BIRD_120328_084429_003.flac,,,,Very short
DOC_001_Tier1,DOC_001_Tier1,train_audio,morepo2,AS125_BIRD_20210115_001507_000.flac,,,,Poor quality
DOC_001_Tier1,DOC_001_Tier1,train_audio,nezbel1,AS125_BIRM_120328_085925_039.flac,,silvereye,Tui/bellbird,
DOC_001_Tier1,DOC_001_Tier1,train_audio,morepo2,AS125_BIRM_20210115_001504_000.flac,,Morepork,,
DOC_001_Tier1,DOC_001_Tier1,train_audio,kea1,AS134_BIRP_20210221_054513_000.flac,,Kea,,
DOC_001_Tier1,DOC_001_Tier1,train_audio,eurbla,AT124A_BIRA_131114_115830_031.flac,,Grey warbler,blackbird,
DOC_001_Tier1,DOC_001_Tier1,train_audio,tomtit1,AT124M_BIRM_131114_085925_040.flac,,Tomtit,,
DOC_001_Tier1,DOC_001_Tier1,train_audio,weka1,AV122_BIRX_140930_215925_000.flac,,weka,,
DOC_001_Tier1,DOC_001_Tier1,train_audio,morepo2,AW120_BIRA_20191020_031504_000.flac,,Morepork,,
DOC_001_Tier1,DOC_001_Tier1,train_audio,morepo2,AX119_BIRA_20211021_001507_000.flac,,Morepork,,
DOC_001_Tier1,DOC_001_Tier1,train_audio,weka1,AX122_BIRD_170927_225906_000.flac,,weka,,
DOC_001_Tier1,DOC_001_Tier1,train_audio,tomtit1,AX137_BIRX_131109_114334_032.flac,,Tomtit,,
DOC_001_Tier1,DOC_001_Tier1,train_audio,comred,AZ111_BIRP_140111_124315_000.flac,,,,Poor quality
DOC_001_Tier1,DOC_001_Tier1,train_audio,silver3,AZ111_BIRX_140111_082933_006.flac,,silvereye,,
DOC_001_Tier1,DOC_001_Tier1,train_audio,nezbel1,AZ118_BIRM_131002_101402_046.flac,,,,
DOC_001_Tier1,DOC_001_Tier1,train_audio,silver3,AZ124_BIRA_120120_085925_012.flac,,silvereye,,
DOC_002_DuncanBayParinga,DOC_002_DuncanBayParinga,train_audio,tomtit1,B0011B04-4EA0-44A6-08F0-04BC33574A5D_57.flac,,,,Very short
DOC_002_DuncanBayParinga,DOC_002_DuncanBayParinga,train_audio,gryger1,B053881F-6879-4ED9-9CB8-736FEFD67650_11.flac,,silvereye,Unknown high-pitched call,
DOC_002_DuncanBayParinga,DOC_002_DuncanBayParinga,train_audio,tomtit1,B0649F79-C45D-4E1C-8F5B-ADC745D8B36A_27.flac,,Kaka,"Unknown high-pitched call, tui/bellbird",
DOC_002_DuncanBayParinga,DOC_002_DuncanBayParinga,train_audio,nezbel1,B0649F79-C45D-4E1C-8F5B-ADC745D8B36A_297.flac,,Tui/bellbird,,
DOC_002_DuncanBayParinga,DOC_002_DuncanBayParinga,train_audio,eurbla,B08975A1-BB7A-42C6-090B-B14B83DE9A4C_10.flac,,silvereye,?,
DOC_002_DuncanBayParinga,DOC_002_DuncanBayParinga,train_audio,eurbla,B0C6FD03-24E4-4335-ACC4-024A92856B13_10.flac,,,,Poor quality
DOC_002_DuncanBayParinga,DOC_002_DuncanBayParinga,train_audio,morepo2,B0D9B14A-0511-4C2F-9A84-4C26F6E0FDB3_0.flac,,Morepork,,
DOC_002_DuncanBayParinga,DOC_002_DuncanBayParinga,train_audio,eurbla,B364F431-E78E-4193-B0A3-E07CC7D17FEB_6.flac,,Fantail,,
DOC_002_DuncanBayParinga,DOC_002_DuncanBayParinga,train_audio,comcha,B45E8700-69FA-40EB-A779-77FA1D4BF678_2.flac,,silvereye,,
DOC_002_DuncanBayParinga,DOC_002_DuncanBayParinga,train_audio,silver3,B49F6F32-8318-4A1C-8422-0E1D214DBBCF_237.flac,,silvereye,,
DOC_002_DuncanBayParinga,DOC_002_DuncanBayParinga,train_audio,nezfan1,B52B52D7-0644-40C0-AB7F-6A677C344FE9_113.flac,,Fantail,,
DOC_002_DuncanBayParinga,DOC_002_DuncanBayParinga,train_audio,tomtit1,B57A57A9-68D0-4340-B8C4-5E86C771DACB_27.flac,,Unknown high-pitched call,Tui/bellbird,
DOC_002_DuncanBayParinga,DOC_002_DuncanBayParinga,train_audio,parake,B681DB9C-077C-4A20-AEBF-5D7B2725144E_0.flac,,Tui/bellbird,Unknown high-pitched call,
DOC_002_DuncanBayParinga,DOC_002_DuncanBayParinga,train_audio,gryger1,B92990C9-D817-4A91-B799-16AD4E6E7C45_80.flac,,Grey warbler,,
DOC_001_Tier1,DOC_001_Tier1,train_audio,riflem1,BA118_BIRD_131030_085925_014.flac,,Rifleman,"Grey warbler, ?",
DOC_001_Tier1,DOC_001_Tier1,train_audio,morepo2,BA118_BIRD_181004_045717_001.flac,,,,Poor quality
DOC_001_Tier1,DOC_001_Tier1,train_audio,pipipi1,BA118_BIRM_131030_102857_008.flac,,Grey warbler,chaffinch,
DOC_001_Tier1,DOC_001_Tier1,train_audio,weka1,BA122_BIRA_151110_034239_000.flac,,,,Poor quality
DOC_001_Tier1,DOC_001_Tier1,train_audio,nezbel1,BA122_BIRD_120314_085925_020.flac,,Tui/bellbird,,
DOC_001_Tier1,DOC_001_Tier1,train_audio,nezbel1,BA122_BIRD_120315_085925_025.flac,,Tui/bellbird,,
DOC_001_Tier1,DOC_001_Tier1,train_audio,weka1,BA122_BIRD_151109_214430_000.flac,,weka,,
DOC_001_Tier1,DOC_001_Tier1,train_audio,nezkak1,BA122_BIRM_120314_045716_000.flac,,kaka,,
DOC_002_DuncanBayParinga,DOC_002_DuncanBayParinga,train_audio,silver3,BA137ED2-186D-4798-A238-0D4FAB9858F3_237.flac,,silvereye,,
DOC_002_DuncanBayParinga,DOC_002_DuncanBayParinga,train_audio,gryger1,BAE1D192-6B05-4FD4-B0D6-62ABF05104BD_285.flac,,Grey warbler,Tui/bellbird,
DOC_001_Tier1,DOC_001_Tier1,train_audio,tomtit1,BB109_BIRX_131220_091420_023.flac,,silvereye,,
DOC_001_Tier1,DOC_001_Tier1,train_audio,tomtit1,BB111_BIRM_131114_085925_051.flac,,Tomtit,Tui/bellbird,
DOC_001_Tier1,DOC_001_Tier1,train_audio,tomtit1,BB111_BIRM_131114_085925_056.flac,,Tomtit,Tui/bellbird,
DOC_001_Tier1,DOC_001_Tier1,train_audio,silver3,BB111_BIRP_131114_082934_040.flac,,silvereye,blackbird,
DOC_001_Tier1,DOC_001_Tier1,train_audio,riflem1,BB112_BIRM_120228_085925_017.flac,,Rifleman,,
DOC_001_Tier1,DOC_001_Tier1,train_audio,morepo2,BB116P_BIRP_131010_025753_000.flac,,Morepork,,
DOC_001_Tier1,DOC_001_Tier1,train_audio,lotkoe1,BC109_BIRM_120209_035734_001.flac,,?,,
DOC_001_Tier1,DOC_001_Tier1,train_audio,silver3,BC110_BIRD_111007_085857_024.flac,,,,Poor quality
DOC_001_Tier1,DOC_001_Tier1,train_audio,tomtit1,BC110_BIRP_111007_084402_027.flac,,Robin,"Unknown high-pitched call, silvereye",
DOC_001_Tier1,DOC_001_Tier1,train_audio,tomtit1,BC110_BIRP_111007_084402_034.flac,,Tomtit,Unknown high-pitched call,
DOC_001_Tier1,DOC_001_Tier1,train_audio,nezrob3,BC110_BIRX_111007_084402_024.flac,,?,,
DOC_001_Tier1,DOC_001_Tier1,train_audio,nezrob2,BC116_BIRP_131111_085925_009.flac,,Shining Cuckoo,"chaffinch, unknown high-pitch call",
DOC_001_Tier1,DOC_001_Tier1,train_audio,morepo2,BC118_BIRM_161029_231402_000.flac,,Morepork,,
DOC_001_Tier1,DOC_001_Tier1,train_audio,nezkak1,BC119_BIRP_151101_042725_001.flac,,Kaka,,
DOC_001_Tier1,DOC_001_Tier1,train_audio,lotkoe1,BC119_BIRP_20201219_021507_001.flac,,Long-tailed cuckoo,,
DOC_001_Tier1,DOC_001_Tier1,train_audio,nezkak1,BC121_BIRA_181016_045716_000.flac,,Kaka,,
DOC_002_DuncanBayParinga,DOC_002_DuncanBayParinga,train_audio,nezbel1,BC2F3527-6B03-47A1-95D3-D4C492B2F1C4_267.flac,,Tui/bellbird,Grey warbler,
DOC_002_DuncanBayParinga,DOC_002_DuncanBayParinga,train_audio,silver3,BC64C67B-D0C2-44F6-A2D6-3A8FA1E1BAB7_177.flac,,silvereye,Tui/bellbird,
DOC_002_DuncanBayParinga,DOC_002_DuncanBayParinga,train_audio,eurbla,BCEBDCC9-A678-47A4-A192-CFF62E8FEA4E_25.flac,,,,
DOC_001_Tier1,DOC_001_Tier1,train_audio,morepo2,BD108_BIRD_20220127_010005_000.flac,,Morepork,,
DOC_001_Tier1,DOC_001_Tier1,train_audio,grskiw1,BD108_BIRP_170131_035735_000.flac,,Morepork,,
DOC_001_Tier1,DOC_001_Tier1,train_audio,nezbel1,BD109_BIRD_131219_085925_019.flac,,,,"Poor quality, rain"
DOC_001_Tier1,DOC_001_Tier1,train_audio,tomtit1,BD116_BIRM_131111_112839_005.flac,,Tomtit,,
DOC_001_Tier1,DOC_001_Tier1,train_audio,morepo2,BD116_BIRP_131110_233044_003.flac,,Morepork,,
DOC_001_Tier1,DOC_001_Tier1,train_audio,tomtit1,BD117_BIRP_131107_075943_038.flac,,Tomtit,chaffinch,
DOC_001_Tier1,DOC_001_Tier1,train_audio,comcha,BD118_BIRM_120310_075943_022.flac,,,,"Poor quality, rain"
DOC_001_Tier1,DOC_001_Tier1,train_audio,tomtit1,BD118_BIRM_120310_075943_056.flac,,Tomtit,,
DOC_001_Tier1,DOC_001_Tier1,train_audio,nezrob3,BD118_BIRX_120309_082934_012.flac,,,,Poor quality
DOC_001_Tier1,DOC_001_Tier1,train_audio,morepo2,BD123_BIRA_200113_231402_000.flac,,Tree Frog,morepork,
DOC_002_DuncanBayParinga,DOC_002_DuncanBayParinga,train_audio,gryger1,BD2159E9-3AAF-4B0C-B39F-72702373B292_42.flac,,Fantail,Grey warbler,
DOC_002_DuncanBayParinga,DOC_002_DuncanBayParinga,train_audio,gryger1,BD604833-B4D3-42FE-836B-039E29E1FA92_16.flac,,Grey warbler,,
DOC_002_DuncanBayParinga,DOC_002_DuncanBayParinga,train_audio,nezbel1,BD80E904-BCD7-4C57-8F1D-A5697EAF87BB_267.flac,,Tui/bellbird,,
DOC_002_DuncanBayParinga,DOC_002_DuncanBayParinga,train_audio,tomtit1,BD80E904-BCD7-4C57-8F1D-A5697EAF87BB_27.flac,,Unknown high-pitched call,,
DOC_001_Tier1,DOC_001_Tier1,train_audio,grskiw1,BE106_BIRA_141213_221420_001.flac,,Morepork,,
DOC_001_Tier1,DOC_001_Tier1,train_audio,grskiw1,BE106_BIRD_141214_031500_000.flac,,kiwi,,
DOC_001_Tier1,DOC_001_Tier1,train_audio,morepo2,BE107_BIRM_141213_221420_000.flac,,Tree Frog,morepork,
DOC_001_Tier1,DOC_001_Tier1,train_audio,grskiw1,BE107_BIRM_20191124_034507_001.flac,,Tree Frog,morepork,
DOC_001_Tier1,DOC_001_Tier1,train_audio,morepo2,BE108_BIRM_141101_211438_001.flac,,Morepork,,
DOC_001_Tier1,DOC_001_Tier1,train_audio,nezrob2,BE109D_BIRD_131107_085925_027.flac,,Robin,blackbird,
DOC_001_Tier1,DOC_001_Tier1,train_audio,pipipi1,BE124_BIRA_140212_084523_006.flac,,?,,
DOC_002_DuncanBayParinga,DOC_002_DuncanBayParinga,train_audio,tomtit1,BE70DF6E-5361-4553-B655-885A71C6629F_27.flac,,,,Poor quality
DOC_002_DuncanBayParinga,DOC_002_DuncanBayParinga,train_audio,nezbel1,BE868961-1465-41DD-A3BE-A3B69D536A55_177.flac,,Tui/bellbird,Brown creeper,
DOC_001_Tier1,DOC_001_Tier1,train_audio,weka1,BF103_BIRP_181210_015813_000.flac,,weka,,
DOC_001_Tier1,DOC_001_Tier1,train_audio,weka1,BF103_BIRX_131216_021307_000.flac,,weka,,
DOC_001_Tier1,DOC_001_Tier1,train_audio,nezkak1,BF108_BIRD_141013_200001_008.flac,,Fantail,,
DOC_001_Tier1,DOC_001_Tier1,train_audio,nezkak1,BF116_BIRA_181101_232857_000.flac,,Kaka,,
DOC_001_Tier1,DOC_001_Tier1,train_audio,eurbla,BF116_BIRD_131109_081439_011.flac,,silvereye,,
DOC_001_Tier1,DOC_001_Tier1,train_audio,weka1,BF117_BIRP_181004_035742_001.flac,,weka,,
DOC_001_Tier1,DOC_001_Tier1,train_audio,morepo2,BF121_BIRP_151105_032743_001.flac,,Morepork,,
DOC_001_Tier1,DOC_001_Tier1,train_audio,silver3,BF127_BIRX_111014_082906_006.flac,,silvereye,,
DOC_002_DuncanBayParinga,DOC_002_DuncanBayParinga,train_audio,nezbel1,BF30AC43-8DCF-4608-A09D-016D65CF178E_117.flac,,Tui/bellbird,,
DOC_002_DuncanBayParinga,DOC_002_DuncanBayParinga,train_audio,nezbel1,BF5BFB9E-D8CE-453E-B87C-D219EABC5013_237.flac,,Tui/bellbird,,
DOC_002_DuncanBayParinga,DOC_002_DuncanBayParinga,train_audio,morepo2,BF714176-187F-4752-926A-D97DAD255EC5_217.flac,,Morepork,,
DOC_002_DuncanBayParinga,DOC_002_DuncanBayParinga,train_audio,tomtit1,BFC2CD1A-80F7-420F-BBE5-8A50BA28B97A_147.flac,,Fantail,,
DOC_002_DuncanBayParinga,DOC_002_DuncanBayParinga,train_audio,eurbla,BFE1A807-9EEB-43A2-B4DC-8BFF7A59BBA1_56.flac,,Grey warbler,,
DOC_001_Tier1,DOC_001_Tier1,train_audio,morepo2,BG102_BIRX_150312_205943_001.flac,,Morepork,,
DOC_001_Tier1,DOC_001_Tier1,train_audio,lotkoe1,BG103_BIRM_181217_041230_000.flac,,Long-tailed cuckoo,,
DOC_001_Tier1,DOC_001_Tier1,train_audio,lotkoe1,BG104_BIRM_171101_041230_002.flac,,Long-tailed cuckoo,Weta,
DOC_001_Tier1,DOC_001_Tier1,train_audio,lotkoe1,BG118_BIRD_171120_024257_000.flac,,Long-tailed cuckoo,,
DOC_001_Tier1,DOC_001_Tier1,train_audio,eurbla,BG125_BIRX_111014_075915_013.flac,,blackbird,,
DOC_001_Tier1,DOC_001_Tier1,train_audio,eurbla,BG125_BIRX_111014_075915_018.flac,,blackbird,,
DOC_001_Tier1,DOC_001_Tier1,train_audio,morepo2,BG97_BIRP_181216_041230_002.flac,,,,Poor quality
DOC_001_Tier1,DOC_001_Tier1,train_audio,grskiw1,BG99_BIRX_20191215_041505_000.flac,,Morepork,Tui/bellbird,
DOC_001_Tier1,DOC_001_Tier1,train_audio,nezbel1,BH105_BIRD_131125_102857_047.flac,,Tui/bellbird,Tomtit,
DOC_001_Tier1,DOC_001_Tier1,train_audio,nezbel1,BH105_BIRM_131125_111344_015.flac,,Tui/bellbird,,
DOC_001_Tier1,DOC_001_Tier1,train_audio,nezrob3,BH105_BIRP_131125_085925_005.flac,,?,,
DOC_001_Tier1,DOC_001_Tier1,train_audio,comcha,BH107_BIRA_131123_085925_048.flac,,Chaffinch,Tomtit,
DOC_001_Tier1,DOC_001_Tier1,train_audio,nezrob3,BH108_BIRX_131105_085925_017.flac,,Robin,,
DOC_001_Tier1,DOC_001_Tier1,train_audio,morepo2,BH114_BIRX_141010_205943_001.flac,,Morepork,,
DOC_001_Tier1,DOC_001_Tier1,train_audio,lotkoe1,BH116_BIRX_20191124_004504_000.flac,,,,"Poor quality, rain"
DOC_001_Tier1,DOC_001_Tier1,train_audio,nezbel1,BH122_BIRA_140227_092916_021.flac,,Tui/bellbird,Silvereye,
DOC_001_Tier1,DOC_001_Tier1,train_audio,comcha,BH97_BIRA_131210_111344_035.flac,,Chaffinch,Tui/bellbird,
DOC_001_Tier1,DOC_001_Tier1,train_audio,comcha,BH97_BIRA_131210_111344_041.flac,,Chaffinch,?tomtit,
DOC_001_Tier1,DOC_001_Tier1,train_audio,nezbel1,BH97_BIRD_131210_085925_015.flac,,,,Poor quality
DOC_001_Tier1,DOC_001_Tier1,train_audio,nezkak1,BH97_BIRP_181208_045716_002.flac,,Kaka,,
DOC_001_Tier1,DOC_001_Tier1,train_audio,grskiw1,BH98_BIRX_181217_225906_003.flac,,kiwi,morepork,
DOC_001_Tier1,DOC_001_Tier1,train_audio,tomtit1,BI100_BIRX_131216_095907_034.flac,,Grey warbler,,
DOC_001_Tier1,DOC_001_Tier1,train_audio,weka1,BI101_BIRA_20211118_224506_000.flac,,Morepork,,
DOC_001_Tier1,DOC_001_Tier1,train_audio,nezbel1,BI109_BIRA_131123_085926_076.flac,,Tui/bellbird,Tomtit,
DOC_001_Tier1,DOC_001_Tier1,train_audio,eurbla,BI109_BIRM_131123_085925_012.flac,,blackbird,chaffinch,
DOC_001_Tier1,DOC_001_Tier1,train_audio,comcha,BI109_BIRX_131123_084430_047.flac,,Chaffinch,blackbird,
DOC_001_Tier1,DOC_001_Tier1,train_audio,tomtit1,BI110_BIRP_131021_091420_055.flac,,Robin,,
DOC_001_Tier1,DOC_001_Tier1,train_audio,kea1,BI119_BIRA_161105_052707_000.flac,,Kea,,
DOC_001_Tier1,DOC_001_Tier1,train_audio,comred,BI128_BIRA_131206_085925_040.flac,,?LOTS!,chaffinch,
DOC_001_Tier1,DOC_001_Tier1,train_audio,tomtit1,BI97_BIRA_131210_085925_027.flac,,Tomtit,,
DOC_001_Tier1,DOC_001_Tier1,train_audio,nezkak1,BI97_BIRD_20181209_220004_000.flac,,Kaka,,
DOC_001_Tier1,DOC_001_Tier1,train_audio,grskiw1,BI98_BIRA_150128_035734_001.flac,,kiwi,kaka,
DOC_001_Tier1,DOC_001_Tier1,train_audio,nezfan1,BJ101_BIRP_131212_085925_007.flac,,,,"Poor quality, rain"
DOC_001_Tier1,DOC_001_Tier1,train_audio,eurbla,BJ101_BIRP_131212_085925_050.flac,,Tui/bellbird,?,
DOC_001_Tier1,DOC_001_Tier1,train_audio,eurbla,BJ101_BIRP_131212_085925_055.flac,,,,
DOC_001_Tier1,DOC_001_Tier1,train_audio,eurbla,BJ107_BIRA_131125_104352_041.flac,,Tui/bellbird,"blackbird, chaffinch",
DOC_001_Tier1,DOC_001_Tier1,train_audio,comcha,BJ107_BIRX_131125_111343_043.flac,,Chaffinch,blackbird,
DOC_001_Tier1,DOC_001_Tier1,train_audio,tomtit1,BJ108_BIRD_111118_085859_079.flac,,Tomtit,chaffinch,
DOC_001_Tier1,DOC_001_Tier1,train_audio,lotkoe1,BJ109_BIRD_20191210_040008_000.flac,,Long-tailed cuckoo,,
DOC_001_Tier1,DOC_001_Tier1,train_audio,riflem1,BJ115_BIRD_131214_085925_004.flac,,Chaffinch,Unknown high-pitched call,
DOC_001_Tier1,DOC_001_Tier1,train_audio,nezbel1,BJ121_BIRM_131214_085925_030.flac,,Tui/bellbird,,
DOC_001_Tier1,DOC_001_Tier1,train_audio,comcha,BJ121_BIRM_131214_101402_010.flac,,Chaffinch,,
DOC_001_Tier1,DOC_001_Tier1,train_audio,morepo2,BJ93_BIRX_141124_044220_001.flac,,Morepork,,
DOC_001_Tier1,DOC_001_Tier1,train_audio,riflem1,BJ94_BIRA_131210_085925_017.flac,,Tomtit,rifleman,
DOC_001_Tier1,DOC_001_Tier1,train_audio,riflem1,BJ99_BIRX_120125_081439_029.flac,,Rifleman,,
DOC_001_Tier1,DOC_001_Tier1,train_audio,nezbel1,BJ99_BIRX_120125_081439_039.flac,,Unknown high-pitched call,,
DOC_001_Tier1,DOC_001_Tier1,train_audio,tui1,BK100_BIRD_111106_085857_018.flac,,Tui/bellbird,,
DOC_001_Tier1,DOC_001_Tier1,train_audio,tui1,BK100_BIRD_111106_085857_020.flac,,Tui/bellbird,,
DOC_001_Tier1,DOC_001_Tier1,train_audio,eurbla,BK100_BIRD_111107_085857_025.flac,,Rifleman,"Fantail, grey warbler, chaffinch",
DOC_001_Tier1,DOC_001_Tier1,train_audio,silver3,BK100_BIRM_111107_085857_048.flac,,Chaffinch,,
DOC_001_Tier1,DOC_001_Tier1,train_audio,nezrob3,BK100_BIRX_111107_085857_000.flac,,Tui/bellbird,?,
DOC_001_Tier1,DOC_001_Tier1,train_audio,kea1,BK102_BIRX_210112_041230_000.flac,,Long-tailed cuckoo,?,
DOC_001_Tier1,DOC_001_Tier1,train_audio,nezkak1,BK106_BIRA_111129_205943_040.flac,,Kaka,,
DOC_001_Tier1,DOC_001_Tier1,train_audio,nezrob3,BK106_BIRA_111201_085925_018.flac,,Robin,Unknown high-pitched call,
DOC_001_Tier1,DOC_001_Tier1,train_audio,morepo2,BK106_BIRD_111129_215925_022.flac,,Morepork,,
DOC_001_Tier1,DOC_001_Tier1,train_audio,morepo2,BK106_BIRD_111129_215925_048.flac,,Morepork,,
DOC_001_Tier1,DOC_001_Tier1,train_audio,morepo2,BK106_BIRD_111130_025753_006.flac,,Morepork,,
DOC_001_Tier1,DOC_001_Tier1,train_audio,eurbla,BK106_BIRD_111130_085925_032.flac,,blackbird,,
DOC_001_Tier1,DOC_001_Tier1,train_audio,gryger1,BK106_BIRD_111130_085925_052.flac,,blackbird,Grey warbler,
DOC_001_Tier1,DOC_001_Tier1,train_audio,morepo2,BK106_BIRP_111129_235848_030.flac,,Morepork,,
DOC_001_Tier1,DOC_001_Tier1,train_audio,morepo2,BK106_BIRX_111129_235848_038.flac,,Morepork,,
DOC_001_Tier1,DOC_001_Tier1,train_audio,riflem1,BK106_BIRX_111130_084429_005.flac,,Grey warbler,blackbird,
DOC_001_Tier1,DOC_001_Tier1,train_audio,eurbla,BK106_BIRX_111130_084429_015.flac,,Grey warbler,blackbird,
DOC_001_Tier1,DOC_001_Tier1,train_audio,nezrob3,BK112_BIRA_111208_045716_022.flac,,Robin,,
DOC_001_Tier1,DOC_001_Tier1,train_audio,tui1,BK112_BIRD_111208_045716_068.flac,,Tui/bellbird,,
DOC_001_Tier1,DOC_001_Tier1,train_audio,riflem1,BK112_BIRD_111209_085925_000.flac,,Tomtit,Unknown high-pitched call,
DOC_001_Tier1,DOC_001_Tier1,train_audio,tui1,BK112_BIRM_111208_045716_023.flac,,,,Poor quality
DOC_001_Tier1,DOC_001_Tier1,train_audio,nezkak1,BK112_BIRX_20210114_041508_000.flac,,Shining Cuckoo,,
DOC_001_Tier1,DOC_001_Tier1,train_audio,tomtit1,BK113_BIRM_140129_094411_027.flac,,Tomtit,,
DOC_001_Tier1,DOC_001_Tier1,train_audio,nezbel1,BK113_BIRX_140129_085925_033.flac,,silvereye,,
DOC_001_Tier1,DOC_001_Tier1,train_audio,morepo2,BK117_BIRX_150202_045716_000.flac,,Morepork,,
DOC_001_Tier1,DOC_001_Tier1,train_audio,morepo2,BK126_BIRM_141102_011325_000.flac,,Morepork,?song thrush,
DOC_001_Tier1,DOC_001_Tier1,train_audio,tomtit1,BK92_BIRA_111110_085857_045.flac,,Tomtit,Tui/bellbird,
DOC_001_Tier1,DOC_001_Tier1,train_audio,tomtit1,BK92_BIRM_111111_085857_009.flac,,Tomtit,,
DOC_001_Tier1,DOC_001_Tier1,train_audio,riflem1,BK98_BIRA_131020_094411_014.flac,,Rifleman,,
DOC_001_Tier1,DOC_001_Tier1,train_audio,comcha,BK98_BIRA_131020_094411_037.flac,,Chaffinch,Unknown high-pitched call,
DOC_001_Tier1,DOC_001_Tier1,train_audio,comcha,BK98_BIRM_131020_085925_015.flac,,?,,
DOC_001_Tier1,DOC_001_Tier1,train_audio,tui1,BL104_BIRP_111020_235802_000.flac,,,,Poor quality
DOC_001_Tier1,DOC_001_Tier1,train_audio,eurbla,BL104_BIRX_111020_195916_030.flac,,,,Poor quality
DOC_001_Tier1,DOC_001_Tier1,train_audio,morepo2,BL107_BIRA_141020_045715_002.flac,,Morepork,,
DOC_001_Tier1,DOC_001_Tier1,train_audio,tomtit1,BL108_BIRX_131029_085925_092.flac,,Robin,Tui/bellbird,
DOC_001_Tier1,DOC_001_Tier1,train_audio,nezkak1,BL109_BIRA_20201017_200003_000.flac,,Kaka,?,
DOC_001_Tier1,DOC_001_Tier1,train_audio,nezkak1,BL109_BIRM_151015_025752_000.flac,,,,"Poor quality, rain"
DOC_001_Tier1,DOC_001_Tier1,train_audio,morepo2,BL109_BIRP_111005_224325_044.flac,,Morepork,,
DOC_001_Tier1,DOC_001_Tier1,train_audio,silver3,BL109_BIRX_111006_082906_036.flac,,Chaffinch,,
DOC_001_Tier1,DOC_001_Tier1,train_audio,morepo2,BL94_BIRX_151102_011325_000.flac,,Morepork,,
DOC_001_Tier1,DOC_001_Tier1,train_audio,silver3,BM105_BIRD_131018_085925_040.flac,,Tui/bellbird,Silvereye,
DOC_001_Tier1,DOC_001_Tier1,train_audio,morepo2,BM105_BIRX_131017_205943_000.flac,,Morepork,,
DOC_001_Tier1,DOC_001_Tier1,train_audio,morepo2,BM6_BIRP_151017_015811_000.flac,,Morepork,,
DOC_001_Tier1,DOC_001_Tier1,train_audio,tui1,BN107_BIRD_111116_232812_014.flac,,,,Poor quality
DOC_001_Tier1,DOC_001_Tier1,train_audio,morepo2,BN107_BIRM_20210109_231504_000.flac,,Morepork,,
DOC_001_Tier1,DOC_001_Tier1,train_audio,nezkak1,BN107_BIRP_111116_202907_004.flac,,Morepork,,
DOC_001_Tier1,DOC_001_Tier1,train_audio,riflem1,BN117_BIRM_120111_111343_003.flac,,Tui/bellbird,Unknown high-pitched call,
DOC_001_Tier1,DOC_001_Tier1,train_audio,tomtit1,BN117_BIRM_120112_085925_063.flac,,Grey warbler,?tomtit,
DOC_001_Tier1,DOC_001_Tier1,train_audio,lotkoe1,BO105_BIRD_20201215_030004_000.flac,,Long-tailed cuckoo,,
DOC_001_Tier1,DOC_001_Tier1,train_audio,silver3,BP95_BIRP_131017_085925_021.flac,,?,,
DOC_001_Tier1,DOC_001_Tier1,train_audio,morepo2,BQ105_BIRA_141121_044220_000.flac,,Morepork,,
DOC_001_Tier1,DOC_001_Tier1,train_audio,nezfan1,BQ110_BIRA_150109_211439_002.flac,,Fantail,,
DOC_001_Tier1,DOC_001_Tier1,train_audio,eurgre1,BQ114_BIRM_140214_075943_009.flac,,Greenfinch,,
DOC_001_Tier1,DOC_001_Tier1,train_audio,comcha,BQ116_BIRA_140128_095906_005.flac,,Chaffinch,,
DOC_001_Tier1,DOC_001_Tier1,train_audio,silver3,BR112_BIRP_140201_092942_020.flac,,silvereye,,
DOC_001_Tier1,DOC_001_Tier1,train_audio,dunnoc1,BR112_BIRX_140201_074448_018.flac,,?,,
DOC_003_XenoCanto,DOC_003_XenoCanto,train_audio,broqua1,broqua1_733565_2.flac,,,,
DOC_001_Tier1,DOC_001_Tier1,train_audio,morepo2,BS103_BIRA_111021_005743_058.flac,,Morepork,,
DOC_001_Tier1,DOC_001_Tier1,train_audio,nezbel1,BS103_BIRA_111021_055952_102.flac,,Tui/bellbird,?,
DOC_001_Tier1,DOC_001_Tier1,train_audio,silver3,BS103_BIRD_111021_055952_144.flac,,silvereye,Tui/bellbird,
DOC_001_Tier1,DOC_001_Tier1,train_audio,nezrob3,BS103_BIRP_111022_085857_004.flac,,Robin,,
DOC_001_Tier1,DOC_001_Tier1,train_audio,gryger1,BS103_BIRP_111022_085857_016.flac,,?,,
DOC_001_Tier1,DOC_001_Tier1,train_audio,morepo2,BS103_BIRX_151014_205943_000.flac,,Morepork,,
DOC_001_Tier1,DOC_001_Tier1,train_audio,lotkoe1,BS104_BIRA_181117_042725_000.flac,,Long-tailed cuckoo,,
DOC_001_Tier1,DOC_001_Tier1,train_audio,morepo2,BS105_BIRX_151016_215925_000.flac,,Morepork,,
DOC_001_Tier1,DOC_001_Tier1,train_audio,nezbel1,BU100A_BIRA_131006_085925_016.flac,,,,Poor quality
DOC_001_Tier1,DOC_001_Tier1,train_audio,nezbel1,BU100A_BIRA_131006_085925_017.flac,,,,Poor quality
DOC_001_Tier1,DOC_001_Tier1,train_audio,silver3,BU101_BIRA_131006_090017_057.flac,,?,,
DOC_001_Tier1,DOC_001_Tier1,train_audio,nezbel1,BU101_BIRA_131006_102950_070.flac,,,,
DOC_001_Tier1,DOC_001_Tier1,train_audio,nezfan1,BU101_BIRP_131006_085925_023.flac,,Fantail,Song thrush,
DOC_001_Tier1,DOC_001_Tier1,train_audio,sackin1,BU101_BIRP_131006_112839_010.flac,,?song thrush,,
DOC_001_Tier1,DOC_001_Tier1,train_audio,sonthr1,BU101_BIRX_131006_085925_013.flac,,?song thrush,,
DOC_001_Tier1,DOC_001_Tier1,train_audio,silver3,BU101_BIRX_131006_085925_044.flac,,?,,
DOC_001_Tier1,DOC_001_Tier1,train_audio,morepo2,BU103_BIRX_20191103_051507_002.flac,,Morepork,,
DOC_001_Tier1,DOC_001_Tier1,train_audio,gryger1,BU108_BIRA_131017_085925_025.flac,,Grey warbler,,
DOC_001_Tier1,DOC_001_Tier1,train_audio,gryger1,BU108_BIRA_131017_085925_032.flac,,Grey warbler,Unknown high-pitched call,
DOC_001_Tier1,DOC_001_Tier1,train_audio,eurbla,BU115_BIRA_140117_085925_023.flac,,,,Poor quality
DOC_001_Tier1,DOC_001_Tier1,train_audio,morepo2,BV16_BIRA_161031_025753_000.flac,,Morepork,,
DOC_001_Tier1,DOC_001_Tier1,train_audio,morepo2,BV16_BIRA_161031_035734_000.flac,,Morepork,,
DOC_001_Tier1,DOC_001_Tier1,train_audio,tui1,BV22_BIRD_131115_051212_000.flac,,Tui/bellbird,,
DOC_001_Tier1,DOC_001_Tier1,train_audio,morepo2,BV98_BIRX_20211122_214504_001.flac,,Morepork,,
DOC_001_Tier1,DOC_001_Tier1,train_audio,silver3,BW22_BIRA_131117_102857_040.flac,,,,
DOC_001_Tier1,DOC_001_Tier1,train_audio,tomtit1,BW22_BIRP_131117_085924_045.flac,,Unknown high-pitched call,Tui/bellbird,
DOC_001_Tier1,DOC_001_Tier1,train_audio,eurbla,BX114_BIRD_111124_204402_061.flac,,,,
DOC_001_Tier1,DOC_001_Tier1,train_audio,morepo2,BY24_BIRM_141213_054203_000.flac,,silvereye,morepork,
DOC_001_Tier1,DOC_001_Tier1,train_audio,comcha,BY98_BIRX_131006_075943_002.flac,,Chaffinch,,
DOC_002_DuncanBayParinga,DOC_002_DuncanBayParinga,train_audio,eurbla,C0AF029D-D04F-4A43-BC54-52CDCBB15926_249.flac,,,,
DOC_002_DuncanBayParinga,DOC_002_DuncanBayParinga,train_audio,tui1,C13C362C-6EB0-448A-8DF8-0D9DD503C940_91.flac,,Chaffinch,Tui/bellbird,
DOC_002_DuncanBayParinga,DOC_002_DuncanBayParinga,train_audio,nezbel1,C155B6B1-1851-4D83-8B24-F4F41B1CD287_237.flac,,Tui/bellbird,,
DOC_002_DuncanBayParinga,DOC_002_DuncanBayParinga,train_audio,nezbel1,C16508E0-8966-4C70-B564-0421DAE81507_297.flac,,silvereye,,
DOC_002_DuncanBayParinga,DOC_002_DuncanBayParinga,train_audio,tomtit1,C25FFA06-09DD-4661-8A12-42AF54A1B7D7_207.flac,,Tui/bellbird,Unknown high-pitched call,
DOC_002_DuncanBayParinga,DOC_002_DuncanBayParinga,train_audio,silver3,C2E515AF-8C2B-45B2-A93B-AFAB7985A8F7_207.flac,,Tui/bellbird,Unknown high-pitched call,
DOC_002_DuncanBayParinga,DOC_002_DuncanBayParinga,train_audio,comcha,C5D51FAB-36E7-4C52-9E2A-0DAB8BF15452_193.flac,,,,Poor quality
DOC_002_DuncanBayParinga,DOC_002_DuncanBayParinga,train_audio,nezbel1,C607091C-0499-4A43-A06D-D6F76E332D31_267.flac,,Tui/bellbird,Unknown high-pitched call,
DOC_002_DuncanBayParinga,DOC_002_DuncanBayParinga,train_audio,eurbla,C60BBE6B-97A2-451E-8B73-04C9C286AFEA_70.flac,,,,Very short
DOC_002_DuncanBayParinga,DOC_002_DuncanBayParinga,train_audio,silver3,C68E5790-8FB5-4700-B76A-0FEBD9C157E3_177.flac,,Tui/bellbird,,
DOC_002_DuncanBayParinga,DOC_002_DuncanBayParinga,train_audio,nezbel1,C76FE335-5392-471E-8CF8-DEA758258523_147.flac,,Tui/bellbird,,
DOC_002_DuncanBayParinga,DOC_002_DuncanBayParinga,train_audio,lotkoe1,C7999440-E2AC-4C83-A258-1EFA7E5C9D9C_0.flac,,Long-tailed cuckoo,Tui/bellbird,
DOC_002_DuncanBayParinga,DOC_002_DuncanBayParinga,train_audio,tomtit1,C8990A58-B261-4542-833E-BD0F7127F7B9_258.flac,,blackbird,Silvereye,
DOC_002_DuncanBayParinga,DOC_002_DuncanBayParinga,train_audio,tomtit1,C923CFA2-BD68-434C-B782-1659B71B55D9_27.flac,,Tomtit,Unknown high-pitched call,
DOC_002_DuncanBayParinga,DOC_002_DuncanBayParinga,train_audio,nezkak1,CACDBFD4-646A-4A2F-9F36-B0B818AA9C92_288.flac,,Kaka,,
DOC_002_DuncanBayParinga,DOC_002_DuncanBayParinga,train_audio,nezfan1,CAE74B06-0E18-4FFB-90C0-87E6BEDFD51C_2.flac,,,,Poor quality
DOC_001_Tier1,DOC_001_Tier1,train_audio,comcha,CB99_BIRM_131017_085933_020.flac,,Chaffinch,,
DOC_002_DuncanBayParinga,DOC_002_DuncanBayParinga,train_audio,nezfan1,CC149E83-A154-4524-BE41-0DC6EFE330CA_0.flac,,Unknown high-pitched call,,
DOC_002_DuncanBayParinga,DOC_002_DuncanBayParinga,train_audio,nezbel1,CC4EB44D-03D4-4D74-A092-DEB4BB86B68B_237.flac,,Kea,Tui/bellbird,
DOC_002_DuncanBayParinga,DOC_002_DuncanBayParinga,train_audio,tomtit1,CD25EAB8-3F1F-46A1-8F5B-1E24E55D7CFC_27.flac,,Unknown high-pitched call,,
DOC_002_DuncanBayParinga,DOC_002_DuncanBayParinga,train_audio,weta,CDE84122-1EF1-42AE-AACA-1672839A9490_203.flac,,weta,,
DOC_002_DuncanBayParinga,DOC_002_DuncanBayParinga,train_audio,comcha,CEBA916B-E860-40D2-831A-D9A472409657_5.flac,,?,Weta,
DOC_002_DuncanBayParinga,DOC_002_DuncanBayParinga,train_audio,nezkak1,CECF915E-65AC-4EC2-B9B4-00D71DC65EFC_116.flac,,?blackbird,,
DOC_002_DuncanBayParinga,DOC_002_DuncanBayParinga,train_audio,nezbel1,CECF915E-65AC-4EC2-B9B4-00D71DC65EFC_297.flac,,Tui/bellbird,Unknown high-pitched call,
DOC_001_Tier1,DOC_001_Tier1,train_audio,shbcuc1,CF20_BIRA_141211_204448_002.flac,,Korora,"morepork, weta",
DOC_001_Tier1,DOC_001_Tier1,train_audio,comcha,CF70_BIRA_131124_082934_032.flac,,Tomtit,chaffinch,
DOC_001_Tier1,DOC_001_Tier1,train_audio,tomtit1,CF70_BIRA_131124_082934_057.flac,,?,,
DOC_001_Tier1,DOC_001_Tier1,train_audio,dunnoc1,CG25_BIRA_131121_124316_018.flac,,blackbird,chaffinch,
DOC_001_Tier1,DOC_001_Tier1,train_audio,eurbla,CG25_BIRP_131121_085925_012.flac,,blackbird,dog,
DOC_001_Tier1,DOC_001_Tier1,train_audio,comcha,CG25_BIRP_131121_085925_043.flac,,?,,
DOC_001_Tier1,DOC_001_Tier1,train_audio,morepo2,CG68_BIRA_151214_034239_001.flac,,Morepork,,
DOC_001_Tier1,DOC_001_Tier1,train_audio,nibkiw1,CG68_BIRM_20210110_020003_000.flac,,kiwi,morepork,
DOC_001_Tier1,DOC_001_Tier1,train_audio,comcha,CH69_BIRM_131121_085925_076.flac,,Chaffinch,,
DOC_001_Tier1,DOC_001_Tier1,train_audio,morepo2,CH76_BIRA_161212_014316_000.flac,,Morepork,,
DOC_001_Tier1,DOC_001_Tier1,train_audio,lotkoe1,CH76_BIRD_20211109_001504_000.flac,,Morepork,Long tailed cuckoo,
DOC_001_Tier1,DOC_001_Tier1,train_audio,morepo2,CH76_BIRM_20211109_031504_001.flac,,Morepork,,
DOC_001_Tier1,DOC_001_Tier1,train_audio,morepo2,CI61_BIRA_120209_022803_003.flac,,Morepork,,
DOC_001_Tier1,DOC_001_Tier1,train_audio,nezbel1,CI61_BIRA_120209_070001_053.flac,,?,,
DOC_001_Tier1,DOC_001_Tier1,train_audio,silver3,CI61_BIRX_120209_095906_017.flac,,,Unknown high-pitched call,
DOC_001_Tier1,DOC_001_Tier1,train_audio,morepo2,CI67_BIRD_20181029_020003_001.flac,,Morepork,,
DOC_001_Tier1,DOC_001_Tier1,train_audio,morepo2,CI67_BIRP_20181028_220004_002.flac,,Morepork,,
DOC_001_Tier1,DOC_001_Tier1,train_audio,tomtit1,CI67_BIRX_131214_094411_068.flac,,Tomtit,Grey warbler,
DOC_001_Tier1,DOC_001_Tier1,train_audio,morepo2,CI76_BIRD_20191108_021505_001.flac,,Morepork,,
DOC_001_Tier1,DOC_001_Tier1,train_audio,eurbla,CJ60_BIRA_131216_085925_013.flac,,blackbird,,
DOC_001_Tier1,DOC_001_Tier1,train_audio,tui1,CJ60_BIRD_131216_122820_012.flac,,Tui/bellbird,,
DOC_001_Tier1,DOC_001_Tier1,train_audio,morepo2,CJ66_BIRA_161121_022802_000.flac,,Morepork,,
DOC_001_Tier1,DOC_001_Tier1,train_audio,nezrob2,CJ71_BIRA_131219_105848_023.flac,,Grey warbler,Robin,
DOC_001_Tier1,DOC_001_Tier1,train_audio,gryger1,CJ71_BIRA_131219_105848_037.flac,,Grey warbler,,
DOC_001_Tier1,DOC_001_Tier1,train_audio,comcha,CJ71_BIRA_131219_105848_053.flac,,Grey warbler,chaffinch,
DOC_001_Tier1,DOC_001_Tier1,train_audio,morepo2,CJ74_BIRD_171210_214429_002.flac,,Morepork,,
DOC_001_Tier1,DOC_001_Tier1,train_audio,nezbel1,CJ95_BIRD_131103_085925_017.flac,,Tui/bellbird,,
DOC_001_Tier1,DOC_001_Tier1,train_audio,liskiw1,CJ95_BIRD_20181004_030003_004.flac,,Morepork,,
DOC_001_Tier1,DOC_001_Tier1,train_audio,nezfan1,CK60_BIRP_141104_200001_002.flac,,Fantail,,
DOC_001_Tier1,DOC_001_Tier1,train_audio,morepo2,CK75_BIRP_20211109_021504_000.flac,,Morepork,,
DOC_001_Tier1,DOC_001_Tier1,train_audio,morepo2,CL100_BIRD_161030_225906_000.flac,,Morepork,,
DOC_001_Tier1,DOC_001_Tier1,train_audio,purswa6,CL102_BIRX_20210116_040004_000.flac,,Pukeko,,
DOC_001_Tier1,DOC_001_Tier1,train_audio,morepo2,CL55_BIRD_151101_205943_001.flac,,Morepork,,
DOC_001_Tier1,DOC_001_Tier1,train_audio,tui1,CL72_BIRA_111123_042725_048.flac,,Tui/bellbird,,
DOC_001_Tier1,DOC_001_Tier1,train_audio,gryger1,CL72_BIRA_111123_085926_015.flac,,Tomtit,Grey warbler,
DOC_001_Tier1,DOC_001_Tier1,train_audio,morepo2,CL72_BIRM_111123_042819_017.flac,,,,Poor quality
DOC_001_Tier1,DOC_001_Tier1,train_audio,nezrob2,CL72_BIRP_111122_092916_005.flac,,Tomtit,"Tui/bellbird, robin",
DOC_001_Tier1,DOC_001_Tier1,train_audio,nezbel1,CL72_BIRP_111123_042725_036.flac,,Tui/bellbird,,
DOC_001_Tier1,DOC_001_Tier1,train_audio,nezbel1,CL72_BIRP_111123_042725_043.flac,,Tui/bellbird,,
DOC_001_Tier1,DOC_001_Tier1,train_audio,gryger1,CL72_BIRX_111122_085925_004.flac,,?,Tui/bellbird,
DOC_001_Tier1,DOC_001_Tier1,train_audio,nibkiw1,CL73_BIRD_170330_235848_001.flac,,kiwi,morepork,
DOC_001_Tier1,DOC_001_Tier1,train_audio,morepo2,CL74_BIRM_140115_015811_001.flac,,Morepork,,
DOC_001_Tier1,DOC_001_Tier1,train_audio,morepo2,CL78_BIRP_20191104_050003_001.flac,,Morepork,,
DOC_001_Tier1,DOC_001_Tier1,train_audio,morepo2,CM104D_BIRD_141020_035735_002.flac,,Morepork,,
DOC_001_Tier1,DOC_001_Tier1,train_audio,nezfan1,CM46_BIRD_140129_082934_012.flac,,Fantail,,
DOC_001_Tier1,DOC_001_Tier1,train_audio,comcha,CM46_BIRX_140129_084430_021.flac,,Chaffinch,,
DOC_001_Tier1,DOC_001_Tier1,train_audio,nezbel1,CM51_BIRD_141012_200001_002.flac,,?,,
DOC_001_Tier1,DOC_001_Tier1,train_audio,morepo2,CM51_BIRM_141012_215925_000.flac,,Morepork,,
DOC_001_Tier1,DOC_001_Tier1,train_audio,tomtit1,CM55_BIRM_131007_092915_001.flac,,Chaffinch,,
DOC_001_Tier1,DOC_001_Tier1,train_audio,silver3,CN94_BIRD_120117_085925_017.flac,,,,Poor quality
DOC_001_Tier1,DOC_001_Tier1,train_audio,nezbel1,CN94_BIRM_120118_085926_036.flac,,silvereye,,
DOC_001_Tier1,DOC_001_Tier1,train_audio,morepo2,CN94_BIRP_120116_204448_125.flac,,Morepork,,
DOC_001_Tier1,DOC_001_Tier1,train_audio,morepo2,CN94_BIRP_120117_004335_032.flac,,Morepork,,
DOC_001_Tier1,DOC_001_Tier1,train_audio,morepo2,CN94_BIRP_120117_044221_053.flac,,Morepork,,
DOC_001_Tier1,DOC_001_Tier1,train_audio,morepo2,CN94_BIRX_120116_234353_043.flac,,Morepork,,
DOC_001_Tier1,DOC_001_Tier1,train_audio,morepo2,CN94_BIRX_120116_234353_054.flac,,Morepork,,
DOC_001_Tier1,DOC_001_Tier1,train_audio,morepo2,CN94_BIRX_120117_034240_035.flac,,Morepork,,
DOC_001_Tier1,DOC_001_Tier1,train_audio,morepo2,CN94_BIRX_120117_044221_022.flac,,Morepork,,
DOC_001_Tier1,DOC_001_Tier1,train_audio,morepo2,CN94_BIRX_120117_044221_055.flac,,Morepork,,
DOC_001_Tier1,DOC_001_Tier1,train_audio,silver3,CO94_BIRM_131109_111343_038.flac,,blackbird,?,
DOC_001_Tier1,DOC_001_Tier1,train_audio,nibkiw1,CP35_BIRX_20201011_200003_000.flac,,,,Poor quality
DOC_001_Tier1,DOC_001_Tier1,train_audio,gryger1,CP74_BIRP_131105_084429_013.flac,,Chaffinch,Grey warbler,
DOC_001_Tier1,DOC_001_Tier1,train_audio,dunnoc1,CP93_BIRA_131109_201457_000.flac,,?,,
DOC_001_Tier1,DOC_001_Tier1,train_audio,nezbel1,CP95_BIRA_131105_102858_001.flac,,?,,Very short
DOC_001_Tier1,DOC_001_Tier1,train_audio,morepo2,CQ31_BIRM_151126_052708_002.flac,,kiwi,morepork,
DOC_001_Tier1,DOC_001_Tier1,train_audio,nezkak1,CQ35_BIRA_181031_200002_001.flac,,Kaka,,
DOC_001_Tier1,DOC_001_Tier1,train_audio,nezfan1,CQ35_BIRM_131017_085925_003.flac,,Unknown high-pitched call,,
DOC_001_Tier1,DOC_001_Tier1,train_audio,eurbla,CQ61_BIRD_120126_204448_052.flac,,blackbird,,
DOC_001_Tier1,DOC_001_Tier1,train_audio,nezbel1,CQ61_BIRD_120126_204448_113.flac,,Tui/bellbird,,
DOC_001_Tier1,DOC_001_Tier1,train_audio,silver3,CQ64_BIRA_140215_202952_006.flac,,?dunnock/silvereye,,
DOC_001_Tier1,DOC_001_Tier1,train_audio,morepo2,CQ65_BIRX_191004_025753_000.flac,,Morepork,,
DOC_001_Tier1,DOC_001_Tier1,train_audio,gryger1,CQ93_BIRX_131211_094411_033.flac,,Grey warbler,,
DOC_001_Tier1,DOC_001_Tier1,train_audio,morepo2,CR37_BIRD_131019_045716_002.flac,,Morepork,,
DOC_001_Tier1,DOC_001_Tier1,train_audio,gryger1,CR43_BIRP_131014_075943_019.flac,,Grey warbler,,
DOC_001_Tier1,DOC_001_Tier1,train_audio,morepo2,CR62_BIRM_161012_051212_000.flac,,Robin,morepork,
DOC_001_Tier1,DOC_001_Tier1,train_audio,morepo2,CR66_BIRD_171031_035735_001.flac,,Morepork,,
DOC_001_Tier1,DOC_001_Tier1,train_audio,morepo2,CS42_BIRX_171211_044222_000.flac,,Morepork,,
DOC_001_Tier1,DOC_001_Tier1,train_audio,morepo2,CS43_BIRD_181027_045716_001.flac,,Tui/bellbird,morepork,
DOC_001_Tier1,DOC_001_Tier1,train_audio,morepo2,CS43_BIRX_131017_015811_001.flac,,Morepork,,
DOC_001_Tier1,DOC_001_Tier1,train_audio,morepo2,CS72_BIRD_20211016_220005_000.flac,,Morepork,,
DOC_001_Tier1,DOC_001_Tier1,train_audio,tui1,CT48_BIRP_111108_195916_032.flac,,,,Poor quality
DOC_001_Tier1,DOC_001_Tier1,train_audio,sackin1,CT48_BIRX_111110_085857_004.flac,,Kingfisher,,
DOC_001_Tier1,DOC_001_Tier1,train_audio,shbcuc1,CU50_BIRP_131020_085925_002.flac,,Robin,Shining cuckoo,
DOC_001_Tier1,DOC_001_Tier1,train_audio,morepo2,CU85_BIRM_20181014_040006_001.flac,,Morepork,,
DOC_001_Tier1,DOC_001_Tier1,train_audio,morepo2,CV52_BIRD_20210203_213005_000.flac,,Morepork,,
DOC_001_Tier1,DOC_001_Tier1,train_audio,morepo2,CV52_BIRP_20210203_233005_000.flac,,Morepork,Weta,
DOC_001_Tier1,DOC_001_Tier1,train_audio,nezfan1,CV55_BIRP_131005_085925_016.flac,,Grey warbler,"Tui/bellbird, dog",
DOC_001_Tier1,DOC_001_Tier1,train_audio,silver3,CV55_BIRP_131005_085925_058.flac,,Robin,,
DOC_001_Tier1,DOC_001_Tier1,train_audio,tomtit1,CV71_BIRA_131103_085925_071.flac,,?,,
DOC_001_Tier1,DOC_001_Tier1,train_audio,silver3,CV71_BIRM_131103_091420_051.flac,,silvereye,?,Poor quality
DOC_001_Tier1,DOC_001_Tier1,train_audio,morepo2,CV72_BIRD_151208_024257_001.flac,,Morepork,,
DOC_001_Tier1,DOC_001_Tier1,train_audio,morepo2,CV72_BIRX_20201216_234504_000.flac,,Morepork,,
DOC_001_Tier1,DOC_001_Tier1,train_audio,gryger1,CV73_BIRP_131215_085925_003.flac,,,,Poor quality
DOC_001_Tier1,DOC_001_Tier1,train_audio,gryger1,CV73_BIRP_131215_085925_006.flac,,Grey warbler,chaffinch,
DOC_001_Tier1,DOC_001_Tier1,train_audio,tomtit1,CX59_BIRP_131201_085925_030.flac,,Tui/bellbird,?,
DOC_001_Tier1,DOC_001_Tier1,train_audio,morepo2,CX80_BIRM_20211124_233004_001.flac,,Morepork,,
DOC_001_Tier1,DOC_001_Tier1,train_audio,morepo2,CY54_BIRP_141010_235848_000.flac,,Morepork,,
DOC_001_Tier1,DOC_001_Tier1,train_audio,morepo2,CY69_BIRP_131001_225906_001.flac,,Morepork,,
DOC_001_Tier1,DOC_001_Tier1,train_audio,morepo2,CY70_BIRD_171106_005830_000.flac,,Morepork,,
DOC_001_Tier1,DOC_001_Tier1,train_audio,morepo2,CY71_BIRA_161018_225906_000.flac,,Morepork,,
DOC_001_Tier1,DOC_001_Tier1,train_audio,nezbel1,CY75_BIRA_131207_204448_002.flac,,?,,Very short
DOC_001_Tier1,DOC_001_Tier1,train_audio,sonthr1,CY80_BIRX_141030_200001_000.flac,,?,,
DOC_002_DuncanBayParinga,DOC_002_DuncanBayParinga,train_audio,morepo2,D0357D0C-4149-4515-88BA-7FA241CEFACD_133.flac,,Morepork,,
DOC_002_DuncanBayParinga,DOC_002_DuncanBayParinga,train_audio,silver3,D067850D-5C1D-425F-A2B7-D7B63B37E09C_117.flac,,silvereye,,
DOC_002_DuncanBayParinga,DOC_002_DuncanBayParinga,train_audio,parake,D0EF0CD5-1ED3-4C3A-871C-A136D6B74C21_30.flac,,Kakariki,Unknown high-pitched call,
DOC_002_DuncanBayParinga,DOC_002_DuncanBayParinga,train_audio,nezbel1,D1819638-DD32-4ABC-9624-D7559FB2BBAB_297.flac,,Tui/bellbird,,
DOC_002_DuncanBayParinga,DOC_002_DuncanBayParinga,train_audio,tomtit1,D206DE53-735C-4485-0A08-9581BC6A8D16_117.flac,,,,"Very short, poor quality"
DOC_002_DuncanBayParinga,DOC_002_DuncanBayParinga,train_audio,parake,D22F427B-FD9A-4CFA-A03A-0A69E9D03F79_263.flac,,Grey warbler,Unknown high-pitched call,
DOC_002_DuncanBayParinga,DOC_002_DuncanBayParinga,train_audio,nezbel1,D2E7D965-0AD9-4A32-8968-0C0E2A3CFD6E_117.flac,,Tui/bellbird,Unknown high-pitched call,
DOC_002_DuncanBayParinga,DOC_002_DuncanBayParinga,train_audio,nezkak1,D3A3F726-985E-46BD-932D-2422831792FC_14.flac,,,,"Very short, poor quality"
DOC_002_DuncanBayParinga,DOC_002_DuncanBayParinga,train_audio,nezbel1,D3B584DE-62E2-4293-8E4B-3AC3B8A53079_117.flac,,Tui/bellbird,Unknown high-pitched call,
DOC_002_DuncanBayParinga,DOC_002_DuncanBayParinga,train_audio,nezbel1,D4105C8B-0829-44CF-925D-BC098B3DB841_9.flac,,Tui/bellbird,,
DOC_002_DuncanBayParinga,DOC_002_DuncanBayParinga,train_audio,weta,D5702A63-407F-4286-8B13-9CECB376CE74_210.flac,,,,Poor quality
DOC_002_DuncanBayParinga,DOC_002_DuncanBayParinga,train_audio,nezkak1,D67F23D3-CBC5-4F93-95DD-9E879A79D6E5_64.flac,,Kaka,,
DOC_002_DuncanBayParinga,DOC_002_DuncanBayParinga,train_audio,nezbel1,D708FD93-CCB3-48DE-8524-2E9579BCD6A8_267.flac,,Unknown high-pitched call,Tui/bellbird,
DOC_002_DuncanBayParinga,DOC_002_DuncanBayParinga,train_audio,nezbel1,D74418CB-9BE0-486F-9B9E-6930EBA08DCE_177.flac,,,,Poor quality
DOC_002_DuncanBayParinga,DOC_002_DuncanBayParinga,train_audio,tomtit1,D74C5162-C7FC-4C6E-BDBC-AFA3D1BD2432_27.flac,,?,,
DOC_002_DuncanBayParinga,DOC_002_DuncanBayParinga,train_audio,tomtit1,D76B1AF4-D312-42B2-8440-96205E143045_87.flac,,Tui/bellbird,,
DOC_002_DuncanBayParinga,DOC_002_DuncanBayParinga,train_audio,nezbel1,D8364C02-8B27-404C-A820-74C3BD1F8947_57.flac,,Tui/bellbird,,
DOC_002_DuncanBayParinga,DOC_002_DuncanBayParinga,train_audio,morepo2,D83F3920-1237-49F2-A93F-0CA41B9263EB_8.flac,,Morepork,,
DOC_002_DuncanBayParinga,DOC_002_DuncanBayParinga,train_audio,tomtit1,D8631972-AA02-4EEA-BE70-0D9D6F8DA89A_152.flac,,,,Poor quality
DOC_002_DuncanBayParinga,DOC_002_DuncanBayParinga,train_audio,morepo2,D933AC3A-BA9E-4E03-92BA-08BA590EB337_9.flac,,Morepork,,
DOC_002_DuncanBayParinga,DOC_002_DuncanBayParinga,train_audio,silver3,D942FA25-A99B-4957-AAB8-598C7B298D9D_207.flac,,,,Poor quality
DOC_002_DuncanBayParinga,DOC_002_DuncanBayParinga,train_audio,tomtit1,D9CC0384-2DC6-43C3-9C58-A7D15A1513D3_117.flac,,Tui/bellbird,,
DOC_002_DuncanBayParinga,DOC_002_DuncanBayParinga,train_audio,gryger1,DA7D28EF-47DC-49B2-9461-CC70EB4FC596_159.flac,,Grey warbler,,
DOC_001_Tier1,DOC_001_Tier1,train_audio,nezrob2,DB58_BIRD_111112_082933_012.flac,,Robin,Tui/bellbird,
DOC_001_Tier1,DOC_001_Tier1,train_audio,nezbel1,DB58_BIRD_111112_082933_052.flac,,Tui/bellbird,,
DOC_002_DuncanBayParinga,DOC_002_DuncanBayParinga,train_audio,comcha,DC0B52EE-8AB4-4682-B63F-05DB587E8B32_4.flac,,Chaffinch,,
DOC_002_DuncanBayParinga,DOC_002_DuncanBayParinga,train_audio,gryger1,DC656F7A-6918-4682-9360-090C47829424_0.flac,,,,Poor quality
DOC_001_Tier1,DOC_001_Tier1,train_audio,gryger1,DC68_BIRA_131208_085951_001.flac,,Grey warbler,,
DOC_001_Tier1,DOC_001_Tier1,train_audio,silver3,DC68_BIRX_131208_085924_032.flac,,silvereye,,
DOC_002_DuncanBayParinga,DOC_002_DuncanBayParinga,train_audio,nezfan1,DCE39EB3-490B-4FE9-A5FE-A35517EF214A_149.flac,,,,Poor quality
DOC_001_Tier1,DOC_001_Tier1,train_audio,nezkak1,DD64_BIRD_151007_025753_000.flac,,,,Poor quality
DOC_001_Tier1,DOC_001_Tier1,train_audio,nezbel1,DD66_BIRA_111210_222915_001.flac,,,,"Very short, poor quality"
DOC_001_Tier1,DOC_001_Tier1,train_audio,tomtit1,DD66_BIRA_111211_085925_045.flac,,Tomtit,"Tui/bellbird, chaffinch",
DOC_001_Tier1,DOC_001_Tier1,train_audio,nezrob2,DD66_BIRM_111211_083001_032.flac,,Tui/bellbird,NZ kingfisher,
DOC_001_Tier1,DOC_001_Tier1,train_audio,gryger1,DD67_BIRD_111208_115829_027.flac,,blackbird,Grey warbler,
DOC_001_Tier1,DOC_001_Tier1,train_audio,tomtit1,DD67_BIRM_111209_085925_027.flac,,?,,
DOC_001_Tier1,DOC_001_Tier1,train_audio,comcha,DD67_BIRP_111208_092916_033.flac,,Chaffinch,"Blackbird, Unknown high-pitched call",
DOC_002_DuncanBayParinga,DOC_002_DuncanBayParinga,train_audio,silver3,DDE21B59-05BE-4A11-8CCB-10ED228A9328_147.flac,,silvereye,Tui/bellbird,
DOC_002_DuncanBayParinga,DOC_002_DuncanBayParinga,train_audio,nezbel1,DE158BC7-43CD-4721-8EA9-50DAD72EB74B_297.flac,,Tui/bellbird,,
DOC_001_Tier1,DOC_001_Tier1,train_audio,comcha,DE68_BIRD_131210_085925_024.flac,,Chaffinch,Grey warbler,
DOC_001_Tier1,DOC_001_Tier1,train_audio,riflem1,DE68_BIRP_131210_085924_005.flac,,Grey warbler,"Tomtit, unknown high-pitch call",
DOC_001_Tier1,DOC_001_Tier1,train_audio,nezrob2,DE69_BIRD_131212_085924_025.flac,,Robin,chaffinch,
DOC_001_Tier1,DOC_001_Tier1,train_audio,x00458,DE76_BIRX_131008_092916_004.flac,,Skylark,,
DOC_002_DuncanBayParinga,DOC_002_DuncanBayParinga,train_audio,eurbla,DE894326-B979-4C5B-B2B7-E4E5EBEB89FA_0.flac,,,,Poor quality
DOC_001_Tier1,DOC_001_Tier1,train_audio,tomtit1,DF60_BIRX_131203_101402_059.flac,,?,,
DOC_001_Tier1,DOC_001_Tier1,train_audio,morepo2,DF61_BIRP_170321_225907_000.flac,,Morepork,,
DOC_001_Tier1,DOC_001_Tier1,train_audio,nezkak1,DF62_BIRD_131211_212934_000.flac,,Kaka,morepork,
DOC_002_DuncanBayParinga,DOC_002_DuncanBayParinga,train_audio,nezbel1,DF69AF16-CCC8-409A-831C-3B9E29EC1B89_267.flac,,Tui/bellbird,Grey warbler,
DOC_002_DuncanBayParinga,DOC_002_DuncanBayParinga,train_audio,silver3,DF8C7248-8383-4113-8927-002E4E6C691A_27.flac,,silvereye,Unknown high-pitched call,
DOC_001_Tier1,DOC_001_Tier1,train_audio,silver3,DG59_BIRA_131216_085924_011.flac,,Grey warbler,,
DOC_001_Tier1,DOC_001_Tier1,train_audio,tomtit1,DH60_BIRP_131126_085925_049.flac,,blackbird,,
DOC_001_Tier1,DOC_001_Tier1,train_audio,tomtit1,DH62_BIRX_131212_091446_035.flac,,?,blackbird,
DOC_001_Tier1,DOC_001_Tier1,train_audio,nezrob2,DH68_BIRM_131203_085924_038.flac,,Robin,chaffinch,
DOC_001_Tier1,DOC_001_Tier1,train_audio,gryger1,DH68_BIRM_131203_085924_058.flac,,?,,
DOC_001_Tier1,DOC_001_Tier1,train_audio,eurbla,DJ60_BIRD_141122_051211_005.flac,,Robin,blackbird,
DOC_001_Tier1,DOC_001_Tier1,train_audio,nezrob2,DK61_BIRA_120130_085925_008.flac,,Robin,"Unknown high-pitched call, kereru flight",
DOC_001_Tier1,DOC_001_Tier1,train_audio,morepo2,DK61_BIRD_120129_232858_000.flac,,Morepork,,
DOC_001_Tier1,DOC_001_Tier1,train_audio,lotkoe1,DK61_BIRD_120131_085925_022.flac,,Long-tailed cuckoo,Silvereye,
DOC_001_Tier1,DOC_001_Tier1,train_audio,nezbel1,DK61_BIRM_120131_091420_059.flac,,Tui/bellbird,Unknown high-pitched call,
DOC_001_Tier1,DOC_001_Tier1,train_audio,nezkak1,DK63_BIRP_181105_200001_001.flac,,Kaka,,
DOC_001_Tier1,DOC_001_Tier1,train_audio,tomtit1,DK63_BIRX_140116_085925_025.flac,,Unknown high-pitched call,,
DOC_001_Tier1,DOC_001_Tier1,train_audio,gryger1,DL57_BIRM_131208_094411_028.flac,,Grey warbler,cicada,
DOC_001_Tier1,DOC_001_Tier1,train_audio,weka1,DL57_BIRP_181031_225906_000.flac,,Weka,,
DOC_001_Tier1,DOC_001_Tier1,train_audio,comcha,DL57_BIRX_131208_091420_022.flac,,Chaffinch,,
DOC_001_Tier1,DOC_001_Tier1,train_audio,nezbel1,DL61_BIRM_131122_085925_066.flac,,Tui/bellbird,chaffinch,
DOC_001_Tier1,DOC_001_Tier1,train_audio,lotkoe1,DP55_BIRA_171127_041231_000.flac,,Long-tailed cuckoo,,
DOC_001_Tier1,DOC_001_Tier1,train_audio,morepo2,DP58_BIRM_20211210_213004_001.flac,,Morepork,,
DOC_001_Tier1,DOC_001_Tier1,train_audio,eurbla,DQ56_BIRX_131217_092915_025.flac,,Long-tailed cuckoo,blackbird,
DOC_001_Tier1,DOC_001_Tier1,train_audio,morepo2,DQ57_BIRA_160125_051211_001.flac,,Long-tailed cuckoo,morepork,
DOC_001_Tier1,DOC_001_Tier1,train_audio,lotkoe1,DR57_BIRM_20211211_023003_000.flac,,Long-tailed cuckoo,,
DOC_002_DuncanBayParinga,DOC_002_DuncanBayParinga,train_audio,silver3,E0676B63-D9B7-4DB0-9DFB-8C71997AAF2C_27.flac,,,,Very short
DOC_002_DuncanBayParinga,DOC_002_DuncanBayParinga,train_audio,gryger1,E08ADBB5-1416-4C62-AB2A-D2AF3A815231_189.flac,,Grey warbler,,
DOC_002_DuncanBayParinga,DOC_002_DuncanBayParinga,train_audio,eurbla,E14AA5AE-AC35-420A-84AB-3C32379BBCFA_4.flac,,blackbird,,
DOC_001_Tier1,DOC_001_Tier1,train_audio,tomtit1,E166_BIRA_111211_085925_041.flac,,Grey warbler,"Silvereye, blackbird",
DOC_001_Tier1,DOC_001_Tier1,train_audio,nezkak1,E166_BIRX_111211_085925_002.flac,,kaka,Tomtit,
DOC_002_DuncanBayParinga,DOC_002_DuncanBayParinga,train_audio,nezfan1,E1BBBDBD-8CBA-4A64-A5EB-203FC764466D_13.flac,,?,Fantail,
DOC_002_DuncanBayParinga,DOC_002_DuncanBayParinga,train_audio,eurbla,E2351D40-6BBB-4454-ACE9-C0EA3079D07D_29.flac,,blackbird,,
DOC_002_DuncanBayParinga,DOC_002_DuncanBayParinga,train_audio,nezbel1,E258C4F0-8E1E-4A4E-903A-EE9AACB2E743_267.flac,,?,,
DOC_002_DuncanBayParinga,DOC_002_DuncanBayParinga,train_audio,eurbla,E333F9D2-46C0-48DD-0B6A-AF14309F577D_3.flac,,blackbird,,
DOC_002_DuncanBayParinga,DOC_002_DuncanBayParinga,train_audio,nezbel1,E379636A-2A9C-4B8F-A943-075E95B436AB_207.flac,,Chaffinch,Grey warbler,
DOC_002_DuncanBayParinga,DOC_002_DuncanBayParinga,train_audio,tomtit1,E37A6EB4-CE40-4CB3-B484-439F5C3886B5_57.flac,,,,Poor quality
DOC_002_DuncanBayParinga,DOC_002_DuncanBayParinga,train_audio,nezfan1,E39C6092-FA9C-4C26-A1C2-9EB8FC56C82D_23.flac,,Tui/bellbird,"Silvereye, fantail",
DOC_002_DuncanBayParinga,DOC_002_DuncanBayParinga,train_audio,gryger1,E3BB621C-1E4A-428E-ABFE-E05A63A61C20_25.flac,,silvereye,Grey warbler,
DOC_002_DuncanBayParinga,DOC_002_DuncanBayParinga,train_audio,silver3,E51E5711-710C-4133-A2B0-0667899B5E2B_297.flac,,silvereye,,
DOC_002_DuncanBayParinga,DOC_002_DuncanBayParinga,train_audio,gryger1,E5267178-C42E-4822-9846-02A751DFB7F6_260.flac,,,,Poor quality
DOC_002_DuncanBayParinga,DOC_002_DuncanBayParinga,train_audio,morepo2,E60763CA-DC63-400E-B6B2-E08B6F6EBB2F_270.flac,,Morepork,,
DOC_002_DuncanBayParinga,DOC_002_DuncanBayParinga,train_audio,gryger1,E6E0AC3F-3308-4C2A-88DE-7FAB2237BFF0_16.flac,,song thrush,"?Tomtit/warbler, unknown high-pitch call",
DOC_002_DuncanBayParinga,DOC_002_DuncanBayParinga,train_audio,tomtit1,E76A1B16-BD78-4FE8-95F6-FCDF9ABE8D3D_27.flac,,?,,
DOC_002_DuncanBayParinga,DOC_002_DuncanBayParinga,train_audio,nezbel1,E820BCF2-579F-43EA-89C1-B5D0FEBD4ED9_147.flac,,Unknown high-pitched call,,
DOC_002_DuncanBayParinga,DOC_002_DuncanBayParinga,train_audio,nezbel1,EAA1516E-CEA1-41F2-B89E-FA8312FBD72F_207.flac,,Tui/bellbird,Silvereye,
DOC_002_DuncanBayParinga,DOC_002_DuncanBayParinga,train_audio,gryger1,EB9DA3BA-3E29-414F-9416-D17A23B7231B_207.flac,,Tui/bellbird,Unknown high-pitched call,
DOC_002_DuncanBayParinga,DOC_002_DuncanBayParinga,train_audio,tomtit1,EBA44E9C-460E-4E00-AAE7-0044603C3DF0_27.flac,,Unknown high-pitched call,,
DOC_002_DuncanBayParinga,DOC_002_DuncanBayParinga,train_audio,tomtit1,EBA44E9C-460E-4E00-AAE7-0044603C3DF0_57.flac,,,,"Poor quality, rain"
DOC_002_DuncanBayParinga,DOC_002_DuncanBayParinga,train_audio,nezbel1,EC71420C-E7A4-4BF3-8E08-F29620480EB3_297.flac,,Tui/bellbird,Grey warbler,
DOC_002_DuncanBayParinga,DOC_002_DuncanBayParinga,train_audio,gryger1,EC865EDC-5295-40CE-A340-373FEE21CFDB_18.flac,,,,Poor quality
DOC_002_DuncanBayParinga,DOC_002_DuncanBayParinga,train_audio,morepo2,ED64B3BA-AFEF-4CF1-A432-0CE2E3F5A2A8_245.flac,,,,Poor quality
DOC_002_DuncanBayParinga,DOC_002_DuncanBayParinga,train_audio,morepo2,ED8BEB40-5B90-48FB-AA17-00EC9ACCDDAC_15.flac,,Morepork,,
DOC_002_DuncanBayParinga,DOC_002_DuncanBayParinga,train_audio,gryger1,EDB40192-B123-459A-B027-EC71108DA38A_201.flac,,Grey warbler,,
DOC_002_DuncanBayParinga,DOC_002_DuncanBayParinga,train_audio,tomtit1,EDCA7AAB-B4BB-48C7-8135-24FB5E54F6AE_57.flac,,Tui/bellbird,Unknown high-pitched call,
DOC_002_DuncanBayParinga,DOC_002_DuncanBayParinga,train_audio,nezbel1,EDFBFFDE-7803-483A-BED4-ACA5B9D31CA6_57.flac,,Tui/bellbird,,
DOC_002_DuncanBayParinga,DOC_002_DuncanBayParinga,train_audio,morepo2,EE383F88-D38C-4B80-B768-B2849C7D7EB8_120.flac,,Morepork,,
DOC_002_DuncanBayParinga,DOC_002_DuncanBayParinga,train_audio,tui1,EEA39E30-74B6-46B2-A257-36684240E611_23.flac,,Tui/bellbird,,
DOC_002_DuncanBayParinga,DOC_002_DuncanBayParinga,train_audio,riflem1,EEF9D8BB-1B16-4153-BE4C-042C68D64E56_105.flac,,?,Unknown high-pitched call,
DOC_002_DuncanBayParinga,DOC_002_DuncanBayParinga,train_audio,nezbel1,EF714653-98E3-4025-0B87-124480822D9F_267.flac,,Tui/bellbird,,
DOC_002_DuncanBayParinga,DOC_002_DuncanBayParinga,train_audio,silver3,F044F7EA-F20B-4AEB-A2CA-2840EDBCA9C9_207.flac,,Tui/bellbird,,
DOC_002_DuncanBayParinga,DOC_002_DuncanBayParinga,train_audio,nezbel1,F05BCCD1-0274-4C19-8BE8-0DFA5C7F40A9_267.flac,,Tui/bellbird,Unknown high-pitched call,
DOC_002_DuncanBayParinga,DOC_002_DuncanBayParinga,train_audio,nezbel1,F10B3AB7-BBEA-4FAD-08A7-CC14B8DBE393_207.flac,,Tui/bellbird,Unknown high-pitched call,
DOC_002_DuncanBayParinga,DOC_002_DuncanBayParinga,train_audio,gryger1,F1280FF2-550A-433A-83DA-9175D9FB37D6_127.flac,,Tui/bellbird,Grey warbler,
DOC_001_Tier1,DOC_001_Tier1,train_audio,sobkiw2,F164_BIRD_20220128_053005_001.flac,,kiwi,,
DOC_002_DuncanBayParinga,DOC_002_DuncanBayParinga,train_audio,nezbel1,F1D7A2E9-7F08-49CB-8489-2D4F33414354_297.flac,,Tui/bellbird,Unknown high-pitched call,
DOC_002_DuncanBayParinga,DOC_002_DuncanBayParinga,train_audio,silver3,F1FC4BAC-EFC1-40CA-BFDC-DFACC8C53695_267.flac,,,,Poor quality
DOC_002_DuncanBayParinga,DOC_002_DuncanBayParinga,train_audio,nezbel1,F21BFD62-544E-4301-AC17-DCEDDD121B1D_297.flac,,Tui/bellbird,,
DOC_002_DuncanBayParinga,DOC_002_DuncanBayParinga,train_audio,silver3,F282D90E-E797-4B10-999F-05674F1275D7_27.flac,,,,Poor quality
DOC_002_DuncanBayParinga,DOC_002_DuncanBayParinga,train_audio,tomtit1,F2DC348A-DFFA-40E1-8734-0CE934BE4B2D_57.flac,,,,"Poor quality, rain"
DOC_002_DuncanBayParinga,DOC_002_DuncanBayParinga,train_audio,morepo2,F4CC3B97-1EE3-4F84-8E6C-90F9CA8E42FA_46.flac,,Morepork,,
DOC_002_DuncanBayParinga,DOC_002_DuncanBayParinga,train_audio,eurbla,F4DE1D8A-A539-4924-B472-31CADC4B39FF_5.flac,,blackbird,,
DOC_002_DuncanBayParinga,DOC_002_DuncanBayParinga,train_audio,tomtit1,F4E0ED06-F4B0-4ED1-8717-121DEC70349F_117.flac,,Grey warbler,Tui/bellbird,
DOC_002_DuncanBayParinga,DOC_002_DuncanBayParinga,train_audio,nezbel1,F51B6328-B5B3-4A17-A87D-A3871CDF6558_237.flac,,,,"Poor quality, rain"
DOC_002_DuncanBayParinga,DOC_002_DuncanBayParinga,train_audio,silver3,F566F106-5708-4E20-8254-0BBCB49F8D95_57.flac,,silvereye,Unknown high-pitched call,
DOC_002_DuncanBayParinga,DOC_002_DuncanBayParinga,train_audio,gryger1,F83B7B87-780B-4AA8-9F66-57D5441ED557_190.flac,,Tui/bellbird,,
DOC_002_DuncanBayParinga,DOC_002_DuncanBayParinga,train_audio,morepo2,F8AF08A9-77F7-428F-A162-0F539E68DCFA_263.flac,,Morepork,,
DOC_002_DuncanBayParinga,DOC_002_DuncanBayParinga,train_audio,nezbel1,F8C65129-0932-4205-9FBB-0F4E512A8C52_57.flac,,Tui/bellbird,,
DOC_002_DuncanBayParinga,DOC_002_DuncanBayParinga,train_audio,tomtit1,F98ED8FB-C86E-4B40-9D25-03A4EC73B5A3_147.flac,,?kaka or tui/bellbird,,
DOC_002_DuncanBayParinga,DOC_002_DuncanBayParinga,train_audio,gryger1,FBF1FF1B-AE1C-4A27-A281-0064ADC6DFDC_154.flac,,Grey warbler,blackbird,
DOC_002_DuncanBayParinga,DOC_002_DuncanBayParinga,train_audio,nezfan1,FCA7A2D7-88D1-4438-8C90-50A964117BC9_161.flac,,Tui/bellbird,Silvereye,
DOC_002_DuncanBayParinga,DOC_002_DuncanBayParinga,train_audio,silver3,FD445F54-FD56-4921-B741-012B419BB7F7_177.flac,,,,Poor quality
DOC_002_DuncanBayParinga,DOC_002_DuncanBayParinga,train_audio,gryger1,FD564394-8870-48B2-9A7D-24BD2B9372CC_143.flac,,,,Poor quality
DOC_002_DuncanBayParinga,DOC_002_DuncanBayParinga,train_audio,nezbel1,FDF4D134-9FDE-4AC1-8C07-47DB739731C5_297.flac,,blackbird,,
DOC_002_DuncanBayParinga,DOC_002_DuncanBayParinga,train_audio,eurbla,FE8F8481-D95C-43FF-A278-15FB4C3EBEB4_123.flac,,Tui/bellbird,Unknown high-pitched call,
DOC_002_DuncanBayParinga,DOC_002_DuncanBayParinga,train_audio,tomtit1,FEAFB16F-E4D1-46B8-B457-DFC1238D14E5_27.flac,,Unknown high-pitched call,kaka,
DOC_002_DuncanBayParinga,DOC_002_DuncanBayParinga,train_audio,nezfan1,FF38BE30-62FE-449B-BA92-0E7FCB8A2F33_37.flac,,Unknown high-pitched call,Tui/bellbird,
DOC_002_DuncanBayParinga,DOC_002_DuncanBayParinga,train_audio,nezbel1,FFBF4BFC-9E8D-4240-AE1B-F614FBE7E9EB_297.flac,,Tui/bellbird,Unknown high-pitched call,
DOC_001_Tier1,DOC_001_Tier1,train_audio,lotkoe1,G169_BIRP_20211104_014504_000.flac,,Morepork,,
DOC_003_XenoCanto,DOC_003_XenoCanto,train_audio,gretea1,gretea1_382778_2.flac,,,,
DOC_001_Tier1,DOC_001_Tier1,train_audio,weka1,H158_BIRA_20210130_053010_000.flac,,weka,,
DOC_001_Tier1,DOC_001_Tier1,train_audio,nezbel1,H158_BIRM_120309_115830_020.flac,,,,Poor quality
DOC_001_Tier1,DOC_001_Tier1,train_audio,weka1,H158_BIRX_151013_202952_000.flac,,weka,,
DOC_001_Tier1,DOC_001_Tier1,train_audio,pipipi1,H159_BIRX_140111_082935_006.flac,,Tui/bellbird,"?fantail, kaka",
DOC_001_Tier1,DOC_001_Tier1,train_audio,tomtit1,H170_BIRD_111130_085925_025.flac,,silvereye,,Poor quality
DOC_001_Tier1,DOC_001_Tier1,train_audio,comred,H171_BIRA_131204_093008_007.flac,,silvereye,?,Poor quality
DOC_001_Tier1,DOC_001_Tier1,train_audio,eurbla,I158_BIRP_111210_085925_000.flac,,Grey warbler,"blackbird, tomtit",
DOC_001_Tier1,DOC_001_Tier1,train_audio,gryger1,I158_BIRP_111210_085925_020.flac,,Tui/bellbird,Grey warbler,
DOC_001_Tier1,DOC_001_Tier1,train_audio,nezbel1,I158_BIRP_111210_114334_003.flac,,Tui/bellbird,,
DOC_001_Tier1,DOC_001_Tier1,train_audio,nezbel1,I158_BIRP_111210_115829_013.flac,,Tui/bellbird,?,
DOC_001_Tier1,DOC_001_Tier1,train_audio,morepo2,I158_BIRX_160111_014315_000.flac,,Long-tailed cuckoo,,
DOC_001_Tier1,DOC_001_Tier1,train_audio,gryger1,I161_BIRP_111207_082934_017.flac,,Grey warbler,,
DOC_001_Tier1,DOC_001_Tier1,train_audio,nezbel1,I161_BIRP_111207_085925_037.flac,,Tui/bellbird,"Tomtit, unknown high-pitch call",
DOC_001_Tier1,DOC_001_Tier1,train_audio,eursta,I167_BIRA_111130_101402_024.flac,,blackbird,,
DOC_001_Tier1,DOC_001_Tier1,train_audio,tomtit1,I167_BIRM_111130_085925_054.flac,,Tomtit,,
DOC_001_Tier1,DOC_001_Tier1,train_audio,morepo2,I171_BIRA_20211029_234505_001.flac,,Morepork,,
DOC_001_Tier1,DOC_001_Tier1,train_audio,morepo2,I171_BIRP_161029_234353_001.flac,,Long-tailed cuckoo,morepork,
DOC_001_Tier1,DOC_001_Tier1,train_audio,morepo2,J169_BIRP_171101_054208_001.flac,,Morepork,,
DOC_001_Tier1,DOC_001_Tier1,train_audio,skylar,J170_BIRA_131206_084456_029.flac,,Weta,,
DOC_001_Tier1,DOC_001_Tier1,train_audio,morepo2,J171_BIRX_141205_232857_000.flac,,Morepork,,
DOC_001_Tier1,DOC_001_Tier1,train_audio,morepo2,J171_BIRX_141206_032744_000.flac,,Morepork,,
DOC_001_Tier1,DOC_001_Tier1,train_audio,kea1,K169_BIRD_171119_221420_000.flac,,Kea,,
DOC_003_XenoCanto,DOC_003_XenoCanto,train_audio,kea1,kea1_526697_2.flac,,,,
DOC_001_Tier1,DOC_001_Tier1,train_audio,nezbel1,L153_BIRA_131209_085924_024.flac,,Tui/bellbird,,
DOC_001_Tier1,DOC_001_Tier1,train_audio,sobkiw2,L163_BIRP_20211014_031506_000.flac,,kiwi,,
DOC_001_Tier1,DOC_001_Tier1,train_audio,gryger1,L169_BIRX_111126_085925_020.flac,,Grey warbler,,
DOC_001_Tier1,DOC_001_Tier1,train_audio,gryger1,L170_BIRM_131020_085925_039.flac,,Grey warbler,,
DOC_001_Tier1,DOC_001_Tier1,train_audio,gryger1,L170_BIRX_131020_111344_009.flac,,Grey warbler,,
DOC_001_Tier1,DOC_001_Tier1,train_audio,lotkoe1,M161_BIRP_171125_035735_000.flac,,Long-tailed cuckoo,,
DOC_001_Tier1,DOC_001_Tier1,train_audio,tomtit1,M170_BIRD_131023_114334_019.flac,,Tomtit,,
DOC_001_Tier1,DOC_001_Tier1,train_audio,sobkiw2,N154_BIRM_160113_024257_000.flac,,Morepork,,
DOC_001_Tier1,DOC_001_Tier1,train_audio,comcha,N165_BIRA_111220_111344_018.flac,,Chaffinch,,
DOC_001_Tier1,DOC_001_Tier1,train_audio,silver3,N165_BIRD_111221_085925_058.flac,,Silvereye,Fantail,
DOC_001_Tier1,DOC_001_Tier1,train_audio,eursta,N165_BIRP_111220_102857_000.flac,,silvereye,,Poor quality
DOC_001_Tier1,DOC_001_Tier1,train_audio,morepo2,N165_BIRP_20201017_203006_000.flac,,,,Poor quality
DOC_003_XenoCanto,DOC_003_XenoCanto,train_audio,nezbel1,nezbel1_858135_2.flac,,,,
DOC_003_XenoCanto,DOC_003_XenoCanto,train_audio,nibkiw1,nibkiw1_521538_1.flac,,,,
DOC_001_Tier1,DOC_001_Tier1,train_audio,lotkoe1,O149_BIRX_150107_044220_000.flac,,,,Poor quality
DOC_001_Tier1,DOC_001_Tier1,train_audio,lotkoe1,O154_BIRM_180112_024258_000.flac,,Long-tailed cuckoo,,
DOC_001_Tier1,DOC_001_Tier1,train_audio,morepo2,O164_BIRM_111116_035734_002.flac,,Morepork,,
DOC_001_Tier1,DOC_001_Tier1,train_audio,riflem1,P156_BIRA_120117_085925_025.flac,,Tui/bellbird,"Unknown high-pitched call, silvereye",
DOC_001_Tier1,DOC_001_Tier1,train_audio,nezfan1,P156_BIRM_120117_102857_003.flac,,Unknown high-pitched call,,
DOC_001_Tier1,DOC_001_Tier1,train_audio,nezrob3,Q153_BIRX_120118_085925_000.flac,,?,,
DOC_001_Tier1,DOC_001_Tier1,train_audio,morepo2,Q154_BIRD_20201125_001504_000.flac,,Morepork,,
DOC_001_Tier1,DOC_001_Tier1,train_audio,morepo2,Q154_BIRM_20201124_231506_001.flac,,Morepork,,
DOC_001_Tier1,DOC_001_Tier1,train_audio,nezbel1,Q163_BIRA_140220_085925_000.flac,,,,Poor quality
DOC_001_Tier1,DOC_001_Tier1,train_audio,morepo2,Q184_BIRD_20210109_224506_003.flac,,Morepork,,
DOC_001_Tier1,DOC_001_Tier1,train_audio,tomtit1,Q184_BIRP_120209_085925_032.flac,,Unknown high-pitched call,,
DOC_001_Tier1,DOC_001_Tier1,train_audio,yefpar3,Q184_BIRP_120209_095906_000.flac,,weta,,
DOC_001_Tier1,DOC_001_Tier1,train_audio,weka1,Q185_BIRX_170308_222916_000.flac,,Korora,weka,
DOC_001_Tier1,DOC_001_Tier1,train_audio,nezbel1,R149_BIRD_120214_104353_049.flac,,Kaka,"Unknown high-pitched call, tui/bellbird",
DOC_001_Tier1,DOC_001_Tier1,train_audio,tomtit1,R149_BIRM_120215_085926_014.flac,,Unknown high-pitched call,,
DOC_001_Tier1,DOC_001_Tier1,train_audio,pipipi1,R149_BIRX_120214_085925_004.flac,,Tui/bellbird,"Tomtit, ?",
DOC_001_Tier1,DOC_001_Tier1,train_audio,nezfan1,R149_BIRX_120214_094411_019.flac,,Tui/bellbird,Unknown high-pitched call,
DOC_001_Tier1,DOC_001_Tier1,train_audio,tomtit1,R149_BIRX_120214_094411_056.flac,,Tui/bellbird,Fantail,
DOC_001_Tier1,DOC_001_Tier1,train_audio,weka1,R151_BIRP_20220108_224504_000.flac,,weka,,
DOC_001_Tier1,DOC_001_Tier1,train_audio,nezkak1,R152_BIRM_20210203_033003_000.flac,,,,Poor quality
DOC_001_Tier1,DOC_001_Tier1,train_audio,tomtit1,R158_BIRM_131001_085925_068.flac,,Chaffinch,Tomtit,
DOC_001_Tier1,DOC_001_Tier1,train_audio,comred,R165_BIRD_131218_121325_032.flac,,?,,
DOC_001_Tier1,DOC_001_Tier1,train_audio,nezbel1,R180_BIRP_120402_085925_018.flac,,Grey warbler,"Tui/bellbird, tomtit",
DOC_001_Tier1,DOC_001_Tier1,train_audio,tomtit1,R180_BIRP_120403_085925_052.flac,,Tui/bellbird,Tomtit,
DOC_001_Tier1,DOC_001_Tier1,train_audio,tomtit1,R182_BIRP_131119_085925_034.flac,,Tomtit,,
DOC_001_Tier1,DOC_001_Tier1,train_audio,morepo2,S146_BIRA_140302_004427_000.flac,,Morepork,,
DOC_001_Tier1,DOC_001_Tier1,train_audio,comcha,S156_BIRP_131211_112839_015.flac,,Chaffinch,,
DOC_001_Tier1,DOC_001_Tier1,train_audio,morepo2,S157_BIRX_161105_034238_000.flac,,Morepork,,
DOC_001_Tier1,DOC_001_Tier1,train_audio,nezbel1,S183_BIRA_131119_085925_017.flac,,Tui/bellbird,,
DOC_003_XenoCanto,DOC_003_XenoCanto,train_audio,sackin1,sackin1_157503_1.flac,,,,
DOC_003_XenoCanto,DOC_003_XenoCanto,train_audio,stitch1,stitch1_33759_2.flac,,,,
DOC_001_Tier1,DOC_001_Tier1,train_audio,nezbel1,T144_BIRA_131102_085925_058.flac,,Tomtit,Unknown high-pitched call,
DOC_001_Tier1,DOC_001_Tier1,train_audio,pipipi1,T144_BIRD_131102_082935_000.flac,,Grey warbler,"Tui/bellbird, unknown high-pitch call",
DOC_001_Tier1,DOC_001_Tier1,train_audio,silver3,T144_BIRD_131102_091421_017.flac,,Tomtit,"Unknown high-pitched call, grey warbler",
DOC_001_Tier1,DOC_001_Tier1,train_audio,morepo2,T146_BIRD_181013_031249_000.flac,,Morepork,,
DOC_001_Tier1,DOC_001_Tier1,train_audio,sonthr1,T155_BIRA_131104_085925_026.flac,,Tui/bellbird,,
DOC_001_Tier1,DOC_001_Tier1,train_audio,comcha,T155_BIRX_131104_085925_005.flac,,Chaffinch,morepork,
DOC_001_Tier1,DOC_001_Tier1,train_audio,tomtit1,T179_BIRP_131124_085925_022.flac,,Tomtit,,
DOC_001_Tier1,DOC_001_Tier1,train_audio,tomtit1,T180_BIRA_131117_085925_017.flac,,Tomtit,,
DOC_001_Tier1,DOC_001_Tier1,train_audio,morepo2,T180_BIRA_190218_005829_001.flac,,Morepork,,
DOC_001_Tier1,DOC_001_Tier1,train_audio,tomtit1,T182_BIRA_120210_085925_052.flac,,Tui/bellbird,Unknown high-pitched call,
DOC_001_Tier1,DOC_001_Tier1,train_audio,nezbel1,T182_BIRP_120210_085925_019.flac,,Tui/bellbird,Unknown high-pitched call,
DOC_001_Tier1,DOC_001_Tier1,train_audio,sobkiw2,T182_BIRP_160317_051212_000.flac,,?,,
DOC_003_XenoCanto,DOC_003_XenoCanto,train_audio,tui1,tui1_858184_1.flac,,,,
DOC_001_Tier1,DOC_001_Tier1,train_audio,morepo2,U142_BIRA_151208_222916_002.flac,,Morepork,,
DOC_001_Tier1,DOC_001_Tier1,train_audio,lotkoe1,U142_BIRM_151209_032743_000.flac,,Robin,,
DOC_001_Tier1,DOC_001_Tier1,train_audio,lotkoe1,U142_BIRX_20210110_033007_000.flac,,Long-tailed cuckoo,,
DOC_001_Tier1,DOC_001_Tier1,train_audio,tomtit1,U144_BIRM_131031_085952_036.flac,,,,Poor quality
DOC_001_Tier1,DOC_001_Tier1,train_audio,riflem1,U159_BIRD_120303_085925_005.flac,,Unknown high-pitched call,,
DOC_001_Tier1,DOC_001_Tier1,train_audio,morepo2,U181_BIRP_20220306_013003_000.flac,,Morepork,,
DOC_001_Tier1,DOC_001_Tier1,train_audio,sobkiw2,U182_BIRP_200311_032744_000.flac,,kiwi,,
DOC_003_XenoCanto,DOC_003_XenoCanto,train_audio,varoys1,varoys1_206975_2.flac,,,,
DOC_003_XenoCanto,DOC_003_XenoCanto,train_audio,varoys1,varoys1_207639_1.flac,,,,
DOC_001_Tier1,DOC_001_Tier1,train_audio,lotkoe1,X141_BIRA_141105_214429_000.flac,,,,Poor quality
DOC_001_Tier1,DOC_001_Tier1,train_audio,nezkak1,Y140_BIRM_161015_201457_001.flac,,kaka,,
DOC_001_Tier1,DOC_001_Tier1,train_audio,morepo2,Y143_BIRX_141108_034240_004.flac,,Morepork,Long tailed cuckoo,
DOC_001_Tier1,DOC_001_Tier1,train_audio,tomtit1,Z141_BIRA_131220_092915_032.flac,,Tomtit,Unknown high-pitched call,
DOC_001_Tier1,DOC_001_Tier1,train_audio,tui1,Z141_BIRM_131220_085924_015.flac,,Tui/bellbird,Unknown high-pitched call,
